date,client_id,campaign_id,adgroup_id,ad_id,ad_name,ad_format,ad_status,impressions,views,clicks,spend,conversions
2026-07-07,client_alpha,camp_104,ag_1001,ad_5001,Summer Promo Hero 15s,SKIPPABLE_IN_STREAM,ENABLED,3600,2250,145,76.00,11
2026-07-07,client_alpha,camp_104,ag_1001,ad_5002,Summer Promo Bumper 6s,BUMPER,ENABLED,3400,2050,126,69.00,9
2026-07-07,client_alpha,camp_104,ag_1002,ad_5003,Summer Promo Shorts Cut,SHORTS,ENABLED,3200,1980,119,66.00,8
2026-07-09,client_beta,camp_202,ag_2001,ad_6001,Offer Reminder V1,SKIPPABLE_IN_STREAM,ENABLED,3100,1880,122,63.00,10
2026-07-10,client_beta,camp_203,ag_2002,ad_6002,Checkout Recovery Variant A,SKIPPABLE_IN_STREAM,ENABLED,3900,2410,163,82.00,15
2026-07-10,client_beta,camp_203,ag_2003,ad_6003,Checkout Recovery Variant B,IN_FEED,ENABLED,3300,1990,130,68.00,12
2026-07-10,client_gamma,camp_304,ag_3001,ad_7001,Monsoon Promo Main,SKIPPABLE_IN_STREAM,ENABLED,3700,2280,148,75.00,11
2026-07-11,client_gamma,camp_304,ag_3002,ad_7002,Monsoon Promo Cutdown,SHORTS,ENABLED,3800,2350,153,78.00,12
2026-07-11,client_gamma,camp_304,ag_3003,ad_7003,Monsoon Retargeting Hook,IN_FEED,PAUSED,0,0,0,0.00,0
2025-11-01,client_alpha,camp_105,ag_1101,ad_5101,Holiday Hero 15s,SKIPPABLE_IN_STREAM,ENABLED,3450,2120,138,70.00,10
2025-11-01,client_alpha,camp_105,ag_1102,ad_5102,Holiday Bumper 6s,BUMPER,ENABLED,3250,1980,127,66.00,8
2025-11-02,client_beta,camp_204,ag_2101,ad_6101,Black Friday Teaser A,SKIPPABLE_IN_STREAM,ENABLED,3350,2040,132,67.00,9
2025-11-02,client_beta,camp_204,ag_2102,ad_6102,Black Friday Teaser B,IN_FEED,ENABLED,3150,1910,124,63.00,8
2025-11-02,client_gamma,camp_305,ag_3101,ad_7101,Festive Reach Main,SKIPPABLE_IN_STREAM,ENABLED,3400,2080,136,69.00,10
2025-11-03,client_gamma,camp_305,ag_3102,ad_7102,Festive Reach Shorts,SHORTS,ENABLED,3200,1960,129,65.00,9
2025-11-03,client_delta,camp_402,ag_4101,ad_8101,Winter Winback Main,IN_FEED,ENABLED,3000,1820,118,60.00,11
2025-11-03,client_delta,camp_402,ag_4102,ad_8102,Winter Winback Reminder,SKIPPABLE_IN_STREAM,PAUSED,0,0,0,0.00,0
2025-01-01,client_alpha,camp_105,ag_1011,ad_1011,Holiday Awareness Sprint Ad 1,SKIPPABLE_IN_STREAM,ENABLED,3210,1958,128,48.70,12
2025-01-01,client_alpha,camp_105,ag_1012,ad_1012,Holiday Awareness Sprint Ad 2,SHORTS,ENABLED,3325,2028,133,51.10,14
2025-01-01,client_beta,camp_204,ag_2011,ad_2011,Black Friday Teaser Ad 1,SKIPPABLE_IN_STREAM,ENABLED,3340,2037,133,52.50,13
2025-01-01,client_beta,camp_204,ag_2012,ad_2012,Black Friday Teaser Ad 2,SHORTS,ENABLED,3455,2107,138,54.90,15
2025-01-01,client_gamma,camp_305,ag_3011,ad_3011,Festive Reach Expansion Ad 1,SKIPPABLE_IN_STREAM,ENABLED,3470,2116,138,56.30,13
2025-01-01,client_gamma,camp_305,ag_3012,ad_3012,Festive Reach Expansion Ad 2,SHORTS,ENABLED,3585,2186,143,58.70,15
2025-01-01,client_delta,camp_402,ag_4011,ad_4011,Winter Collection Launch Ad 1,SKIPPABLE_IN_STREAM,ENABLED,3600,2196,144,60.10,14
2025-01-01,client_delta,camp_402,ag_4012,ad_4012,Winter Collection Launch Ad 2,SHORTS,ENABLED,3715,2266,148,62.50,16
2025-02-01,client_alpha,camp_105,ag_1021,ad_1021,Holiday Awareness Sprint Ad 1,SKIPPABLE_IN_STREAM,ENABLED,3305,2016,132,51.00,13
2025-02-01,client_alpha,camp_105,ag_1022,ad_1022,Holiday Awareness Sprint Ad 2,SHORTS,ENABLED,3420,2086,136,53.40,14
2025-02-01,client_beta,camp_204,ag_2021,ad_2021,Black Friday Teaser Ad 1,SKIPPABLE_IN_STREAM,ENABLED,3435,2095,137,54.80,13
2025-02-01,client_beta,camp_204,ag_2022,ad_2022,Black Friday Teaser Ad 2,SHORTS,ENABLED,3550,2165,142,57.20,15
2025-02-01,client_gamma,camp_305,ag_3021,ad_3021,Festive Reach Expansion Ad 1,SKIPPABLE_IN_STREAM,ENABLED,3565,2174,142,58.60,14
2025-02-01,client_gamma,camp_305,ag_3022,ad_3022,Festive Reach Expansion Ad 2,SHORTS,ENABLED,3680,2244,147,61.00,16
2025-02-01,client_delta,camp_402,ag_4021,ad_4021,Winter Collection Launch Ad 1,SKIPPABLE_IN_STREAM,ENABLED,3695,2253,147,62.40,14
2025-02-01,client_delta,camp_402,ag_4022,ad_4022,Winter Collection Launch Ad 2,SHORTS,ENABLED,3810,2324,152,64.80,16
2025-03-01,client_alpha,camp_105,ag_1031,ad_1031,Holiday Awareness Sprint Ad 1,SKIPPABLE_IN_STREAM,ENABLED,3400,2074,136,53.30,13
2025-03-01,client_alpha,camp_105,ag_1032,ad_1032,Holiday Awareness Sprint Ad 2,SHORTS,ENABLED,3515,2144,140,55.70,15
2025-03-01,client_beta,camp_204,ag_2031,ad_2031,Black Friday Teaser Ad 1,SKIPPABLE_IN_STREAM,ENABLED,3530,2153,141,57.10,14
2025-03-01,client_beta,camp_204,ag_2032,ad_2032,Black Friday Teaser Ad 2,SHORTS,ENABLED,3645,2223,145,59.50,15
2025-03-01,client_gamma,camp_305,ag_3031,ad_3031,Festive Reach Expansion Ad 1,SKIPPABLE_IN_STREAM,ENABLED,3660,2232,146,60.90,14
2025-03-01,client_gamma,camp_305,ag_3032,ad_3032,Festive Reach Expansion Ad 2,SHORTS,ENABLED,3775,2302,151,63.30,16
2025-03-01,client_delta,camp_402,ag_4031,ad_4031,Winter Collection Launch Ad 1,SKIPPABLE_IN_STREAM,ENABLED,3790,2311,151,64.70,15
2025-03-01,client_delta,camp_402,ag_4032,ad_4032,Winter Collection Launch Ad 2,SHORTS,ENABLED,3905,2382,156,67.10,17
2025-04-01,client_alpha,camp_105,ag_1041,ad_1041,Holiday Awareness Sprint Ad 1,SKIPPABLE_IN_STREAM,ENABLED,3495,2131,139,55.60,13
2025-04-01,client_alpha,camp_105,ag_1042,ad_1042,Holiday Awareness Sprint Ad 2,SHORTS,ENABLED,3610,2202,144,58.00,15
2025-04-01,client_beta,camp_204,ag_2041,ad_2041,Black Friday Teaser Ad 1,SKIPPABLE_IN_STREAM,ENABLED,3625,2211,145,59.40,14
2025-04-01,client_beta,camp_204,ag_2042,ad_2042,Black Friday Teaser Ad 2,SHORTS,ENABLED,3740,2281,149,61.80,16
2025-04-01,client_gamma,camp_305,ag_3041,ad_3041,Festive Reach Expansion Ad 1,SKIPPABLE_IN_STREAM,ENABLED,3755,2290,150,63.20,14
2025-04-01,client_gamma,camp_305,ag_3042,ad_3042,Festive Reach Expansion Ad 2,SHORTS,ENABLED,3870,2360,154,65.60,16
2025-04-01,client_delta,camp_402,ag_4041,ad_4041,Winter Collection Launch Ad 1,SKIPPABLE_IN_STREAM,ENABLED,3885,2369,155,67.00,15
2025-04-01,client_delta,camp_402,ag_4042,ad_4042,Winter Collection Launch Ad 2,SHORTS,ENABLED,4000,2440,160,69.40,17
2025-05-01,client_alpha,camp_105,ag_1051,ad_1051,Holiday Awareness Sprint Ad 1,SKIPPABLE_IN_STREAM,ENABLED,3590,2189,143,57.90,14
2025-05-01,client_alpha,camp_105,ag_1052,ad_1052,Holiday Awareness Sprint Ad 2,SHORTS,ENABLED,3705,2260,148,60.30,16
2025-05-01,client_beta,camp_204,ag_2051,ad_2051,Black Friday Teaser Ad 1,SKIPPABLE_IN_STREAM,ENABLED,3720,2269,148,61.70,14
2025-05-01,client_beta,camp_204,ag_2052,ad_2052,Black Friday Teaser Ad 2,SHORTS,ENABLED,3835,2339,153,64.10,16
2025-05-01,client_gamma,camp_305,ag_3051,ad_3051,Festive Reach Expansion Ad 1,SKIPPABLE_IN_STREAM,ENABLED,3850,2348,154,65.50,15
2025-05-01,client_gamma,camp_305,ag_3052,ad_3052,Festive Reach Expansion Ad 2,SHORTS,ENABLED,3965,2418,158,67.90,17
2025-05-01,client_delta,camp_402,ag_4051,ad_4051,Winter Collection Launch Ad 1,SKIPPABLE_IN_STREAM,ENABLED,3980,2427,159,69.30,15
2025-05-01,client_delta,camp_402,ag_4052,ad_4052,Winter Collection Launch Ad 2,SHORTS,ENABLED,4095,2497,163,71.70,17
2025-06-01,client_alpha,camp_105,ag_1061,ad_1061,Holiday Awareness Sprint Ad 1,SKIPPABLE_IN_STREAM,ENABLED,3685,2247,147,60.20,14
2025-06-01,client_alpha,camp_105,ag_1062,ad_1062,Holiday Awareness Sprint Ad 2,SHORTS,ENABLED,3800,2318,152,62.60,16
2025-06-01,client_beta,camp_204,ag_2061,ad_2061,Black Friday Teaser Ad 1,SKIPPABLE_IN_STREAM,ENABLED,3815,2327,152,64.00,15
2025-06-01,client_beta,camp_204,ag_2062,ad_2062,Black Friday Teaser Ad 2,SHORTS,ENABLED,3930,2397,157,66.40,17
2025-06-01,client_gamma,camp_305,ag_3061,ad_3061,Festive Reach Expansion Ad 1,SKIPPABLE_IN_STREAM,ENABLED,3945,2406,157,67.80,15
2025-06-01,client_gamma,camp_305,ag_3062,ad_3062,Festive Reach Expansion Ad 2,SHORTS,ENABLED,4060,2476,162,70.20,17
2025-06-01,client_delta,camp_402,ag_4061,ad_4061,Winter Collection Launch Ad 1,SKIPPABLE_IN_STREAM,ENABLED,4075,2485,163,71.60,16
2025-06-01,client_delta,camp_402,ag_4062,ad_4062,Winter Collection Launch Ad 2,SHORTS,ENABLED,4190,2555,167,74.00,18
2025-07-01,client_alpha,camp_105,ag_1071,ad_1071,Holiday Awareness Sprint Ad 1,SKIPPABLE_IN_STREAM,ENABLED,3780,2305,151,62.50,15
2025-07-01,client_alpha,camp_105,ag_1072,ad_1072,Holiday Awareness Sprint Ad 2,SHORTS,ENABLED,3895,2375,155,64.90,17
2025-07-01,client_beta,camp_204,ag_2071,ad_2071,Black Friday Teaser Ad 1,SKIPPABLE_IN_STREAM,ENABLED,3910,2385,156,66.30,15
2025-07-01,client_beta,camp_204,ag_2072,ad_2072,Black Friday Teaser Ad 2,SHORTS,ENABLED,4025,2455,161,68.70,17
2025-07-01,client_gamma,camp_305,ag_3071,ad_3071,Festive Reach Expansion Ad 1,SKIPPABLE_IN_STREAM,ENABLED,4040,2464,161,70.10,16
2025-07-01,client_gamma,camp_305,ag_3072,ad_3072,Festive Reach Expansion Ad 2,SHORTS,ENABLED,4155,2534,166,72.50,18
2025-07-01,client_delta,camp_402,ag_4071,ad_4071,Winter Collection Launch Ad 1,SKIPPABLE_IN_STREAM,ENABLED,4170,2543,166,73.90,16
2025-07-01,client_delta,camp_402,ag_4072,ad_4072,Winter Collection Launch Ad 2,SHORTS,ENABLED,4285,2613,171,76.30,18
2025-08-01,client_alpha,camp_105,ag_1081,ad_1081,Holiday Awareness Sprint Ad 1,SKIPPABLE_IN_STREAM,ENABLED,3875,2363,155,64.80,15
2025-08-01,client_alpha,camp_105,ag_1082,ad_1082,Holiday Awareness Sprint Ad 2,SHORTS,ENABLED,3990,2433,159,67.20,17
2025-08-01,client_beta,camp_204,ag_2081,ad_2081,Black Friday Teaser Ad 1,SKIPPABLE_IN_STREAM,ENABLED,4005,2443,160,68.60,15
2025-08-01,client_beta,camp_204,ag_2082,ad_2082,Black Friday Teaser Ad 2,SHORTS,ENABLED,4120,2513,164,71.00,18
2025-08-01,client_gamma,camp_305,ag_3081,ad_3081,Festive Reach Expansion Ad 1,SKIPPABLE_IN_STREAM,ENABLED,4135,2522,165,72.40,16
2025-08-01,client_gamma,camp_305,ag_3082,ad_3082,Festive Reach Expansion Ad 2,SHORTS,ENABLED,4250,2592,170,74.80,18
2025-08-01,client_delta,camp_402,ag_4081,ad_4081,Winter Collection Launch Ad 1,SKIPPABLE_IN_STREAM,ENABLED,4265,2601,170,76.20,17
2025-08-01,client_delta,camp_402,ag_4082,ad_4082,Winter Collection Launch Ad 2,SHORTS,ENABLED,4380,2671,175,78.60,19
2025-09-01,client_alpha,camp_105,ag_1091,ad_1091,Holiday Awareness Sprint Ad 1,SKIPPABLE_IN_STREAM,ENABLED,3970,2421,158,67.10,15
2025-09-01,client_alpha,camp_105,ag_1092,ad_1092,Holiday Awareness Sprint Ad 2,SHORTS,ENABLED,4085,2491,163,69.50,17
2025-09-01,client_beta,camp_204,ag_2091,ad_2091,Black Friday Teaser Ad 1,SKIPPABLE_IN_STREAM,ENABLED,4100,2501,164,70.90,16
2025-09-01,client_beta,camp_204,ag_2092,ad_2092,Black Friday Teaser Ad 2,SHORTS,ENABLED,4215,2571,168,73.30,18
2025-09-01,client_gamma,camp_305,ag_3091,ad_3091,Festive Reach Expansion Ad 1,SKIPPABLE_IN_STREAM,ENABLED,4230,2580,169,74.70,16
2025-09-01,client_gamma,camp_305,ag_3092,ad_3092,Festive Reach Expansion Ad 2,SHORTS,ENABLED,4345,2650,173,77.10,19
2025-09-01,client_delta,camp_402,ag_4091,ad_4091,Winter Collection Launch Ad 1,SKIPPABLE_IN_STREAM,ENABLED,4360,2659,174,78.50,17
2025-09-01,client_delta,camp_402,ag_4092,ad_4092,Winter Collection Launch Ad 2,SHORTS,ENABLED,4475,2729,179,80.90,19
2025-10-01,client_alpha,camp_105,ag_1101,ad_1101,Holiday Awareness Sprint Ad 1,SKIPPABLE_IN_STREAM,ENABLED,4065,2479,162,69.40,16
2025-10-01,client_alpha,camp_105,ag_1102,ad_1102,Holiday Awareness Sprint Ad 2,SHORTS,ENABLED,4180,2549,167,71.80,18
2025-10-01,client_beta,camp_204,ag_2101,ad_2101,Black Friday Teaser Ad 1,SKIPPABLE_IN_STREAM,ENABLED,4195,2558,167,73.20,16
2025-10-01,client_beta,camp_204,ag_2102,ad_2102,Black Friday Teaser Ad 2,SHORTS,ENABLED,4310,2629,172,75.60,18
2025-10-01,client_gamma,camp_305,ag_3101,ad_3101,Festive Reach Expansion Ad 1,SKIPPABLE_IN_STREAM,ENABLED,4325,2638,173,77.00,17
2025-10-01,client_gamma,camp_305,ag_3102,ad_3102,Festive Reach Expansion Ad 2,SHORTS,ENABLED,4440,2708,177,79.40,19
2025-10-01,client_delta,camp_402,ag_4101,ad_4101,Winter Collection Launch Ad 1,SKIPPABLE_IN_STREAM,ENABLED,4455,2717,178,80.80,17
2025-10-01,client_delta,camp_402,ag_4102,ad_4102,Winter Collection Launch Ad 2,SHORTS,ENABLED,4570,2787,182,83.20,20
2025-12-01,client_alpha,camp_105,ag_1121,ad_1121,Holiday Awareness Sprint Ad 1,SKIPPABLE_IN_STREAM,ENABLED,4255,2595,170,74.00,17
2025-12-01,client_alpha,camp_105,ag_1122,ad_1122,Holiday Awareness Sprint Ad 2,SHORTS,ENABLED,4370,2665,174,76.40,19
2025-12-01,client_beta,camp_204,ag_2121,ad_2121,Black Friday Teaser Ad 1,SKIPPABLE_IN_STREAM,ENABLED,4385,2674,175,77.80,17
2025-12-01,client_beta,camp_204,ag_2122,ad_2122,Black Friday Teaser Ad 2,SHORTS,ENABLED,4500,2745,180,80.20,19
2025-12-01,client_gamma,camp_305,ag_3121,ad_3121,Festive Reach Expansion Ad 1,SKIPPABLE_IN_STREAM,ENABLED,4515,2754,180,81.60,18
2025-12-01,client_gamma,camp_305,ag_3122,ad_3122,Festive Reach Expansion Ad 2,SHORTS,ENABLED,4630,2824,185,84.00,20
2025-12-01,client_delta,camp_402,ag_4121,ad_4121,Winter Collection Launch Ad 1,SKIPPABLE_IN_STREAM,ENABLED,4645,2833,185,85.40,18
2025-12-01,client_delta,camp_402,ag_4122,ad_4122,Winter Collection Launch Ad 2,SHORTS,ENABLED,4760,2903,190,87.80,20
2025-01-01,client_alpha,camp_105,ag_101011,ad_101011,Holiday Awareness Sprint Ad 1,SKIPPABLE_IN_STREAM,ENABLED,2774,1692,110,33.36,10
2025-01-01,client_alpha,camp_105,ag_101012,ad_101012,Holiday Awareness Sprint Ad 2,SHORTS,ENABLED,2869,1750,114,35.16,12
2025-01-01,client_beta,camp_204,ag_201011,ad_201011,Black Friday Teaser Ad 1,SKIPPABLE_IN_STREAM,ENABLED,2894,1765,115,35.96,11
2025-01-01,client_beta,camp_204,ag_201012,ad_201012,Black Friday Teaser Ad 2,SHORTS,ENABLED,2989,1823,119,37.76,13
2025-01-01,client_gamma,camp_305,ag_301011,ad_301011,Festive Reach Expansion Ad 1,SKIPPABLE_IN_STREAM,ENABLED,3014,1838,120,38.56,11
2025-01-01,client_gamma,camp_305,ag_301012,ad_301012,Festive Reach Expansion Ad 2,SHORTS,ENABLED,3109,1896,124,40.36,13
2025-01-01,client_delta,camp_402,ag_401011,ad_401011,Winter Collection Launch Ad 1,SKIPPABLE_IN_STREAM,ENABLED,3134,1911,125,41.16,12
2025-01-01,client_delta,camp_402,ag_401012,ad_401012,Winter Collection Launch Ad 2,SHORTS,ENABLED,3229,1969,129,42.96,14
2025-01-02,client_alpha,camp_105,ag_101021,ad_101021,Holiday Awareness Sprint Ad 1,SKIPPABLE_IN_STREAM,ENABLED,2779,1695,111,33.52,11
2025-01-02,client_alpha,camp_105,ag_101022,ad_101022,Holiday Awareness Sprint Ad 2,SHORTS,ENABLED,2874,1753,114,35.32,12
2025-01-02,client_beta,camp_204,ag_201021,ad_201021,Black Friday Teaser Ad 1,SKIPPABLE_IN_STREAM,ENABLED,2899,1768,115,36.12,11
2025-01-02,client_beta,camp_204,ag_201022,ad_201022,Black Friday Teaser Ad 2,SHORTS,ENABLED,2994,1826,119,37.92,13
2025-01-02,client_gamma,camp_305,ag_301021,ad_301021,Festive Reach Expansion Ad 1,SKIPPABLE_IN_STREAM,ENABLED,3019,1841,120,38.72,11
2025-01-02,client_gamma,camp_305,ag_301022,ad_301022,Festive Reach Expansion Ad 2,SHORTS,ENABLED,3114,1899,124,40.52,13
2025-01-02,client_delta,camp_402,ag_401021,ad_401021,Winter Collection Launch Ad 1,SKIPPABLE_IN_STREAM,ENABLED,3139,1914,125,41.32,12
2025-01-02,client_delta,camp_402,ag_401022,ad_401022,Winter Collection Launch Ad 2,SHORTS,ENABLED,3234,1972,129,43.12,14
2025-01-03,client_alpha,camp_105,ag_101031,ad_101031,Holiday Awareness Sprint Ad 1,SKIPPABLE_IN_STREAM,ENABLED,2784,1698,111,33.68,11
2025-01-03,client_alpha,camp_105,ag_101032,ad_101032,Holiday Awareness Sprint Ad 2,SHORTS,ENABLED,2879,1756,115,35.48,12
2025-01-03,client_beta,camp_204,ag_201031,ad_201031,Black Friday Teaser Ad 1,SKIPPABLE_IN_STREAM,ENABLED,2904,1771,116,36.28,11
2025-01-03,client_beta,camp_204,ag_201032,ad_201032,Black Friday Teaser Ad 2,SHORTS,ENABLED,2999,1829,119,38.08,13
2025-01-03,client_gamma,camp_305,ag_301031,ad_301031,Festive Reach Expansion Ad 1,SKIPPABLE_IN_STREAM,ENABLED,3024,1844,120,38.88,11
2025-01-03,client_gamma,camp_305,ag_301032,ad_301032,Festive Reach Expansion Ad 2,SHORTS,ENABLED,3119,1902,124,40.68,13
2025-01-03,client_delta,camp_402,ag_401031,ad_401031,Winter Collection Launch Ad 1,SKIPPABLE_IN_STREAM,ENABLED,3144,1917,125,41.48,12
2025-01-03,client_delta,camp_402,ag_401032,ad_401032,Winter Collection Launch Ad 2,SHORTS,ENABLED,3239,1975,129,43.28,14
2025-01-04,client_alpha,camp_105,ag_101041,ad_101041,Holiday Awareness Sprint Ad 1,SKIPPABLE_IN_STREAM,ENABLED,2789,1701,111,33.84,11
2025-01-04,client_alpha,camp_105,ag_101042,ad_101042,Holiday Awareness Sprint Ad 2,SHORTS,ENABLED,2884,1759,115,35.64,12
2025-01-04,client_beta,camp_204,ag_201041,ad_201041,Black Friday Teaser Ad 1,SKIPPABLE_IN_STREAM,ENABLED,2909,1774,116,36.44,11
2025-01-04,client_beta,camp_204,ag_201042,ad_201042,Black Friday Teaser Ad 2,SHORTS,ENABLED,3004,1832,120,38.24,13
2025-01-04,client_gamma,camp_305,ag_301041,ad_301041,Festive Reach Expansion Ad 1,SKIPPABLE_IN_STREAM,ENABLED,3029,1847,121,39.04,12
2025-01-04,client_gamma,camp_305,ag_301042,ad_301042,Festive Reach Expansion Ad 2,SHORTS,ENABLED,3124,1905,124,40.84,13
2025-01-04,client_delta,camp_402,ag_401041,ad_401041,Winter Collection Launch Ad 1,SKIPPABLE_IN_STREAM,ENABLED,3149,1920,125,41.64,12
2025-01-04,client_delta,camp_402,ag_401042,ad_401042,Winter Collection Launch Ad 2,SHORTS,ENABLED,3244,1978,129,43.44,14
2025-01-05,client_alpha,camp_105,ag_101051,ad_101051,Holiday Awareness Sprint Ad 1,SKIPPABLE_IN_STREAM,ENABLED,2794,1704,111,34.00,11
2025-01-05,client_alpha,camp_105,ag_101052,ad_101052,Holiday Awareness Sprint Ad 2,SHORTS,ENABLED,2889,1762,115,35.80,12
2025-01-05,client_beta,camp_204,ag_201051,ad_201051,Black Friday Teaser Ad 1,SKIPPABLE_IN_STREAM,ENABLED,2914,1777,116,36.60,11
2025-01-05,client_beta,camp_204,ag_201052,ad_201052,Black Friday Teaser Ad 2,SHORTS,ENABLED,3009,1835,120,38.40,13
2025-01-05,client_gamma,camp_305,ag_301051,ad_301051,Festive Reach Expansion Ad 1,SKIPPABLE_IN_STREAM,ENABLED,3034,1850,121,39.20,12
2025-01-05,client_gamma,camp_305,ag_301052,ad_301052,Festive Reach Expansion Ad 2,SHORTS,ENABLED,3129,1908,125,41.00,13
2025-01-05,client_delta,camp_402,ag_401051,ad_401051,Winter Collection Launch Ad 1,SKIPPABLE_IN_STREAM,ENABLED,3154,1923,126,41.80,12
2025-01-05,client_delta,camp_402,ag_401052,ad_401052,Winter Collection Launch Ad 2,SHORTS,ENABLED,3249,1981,129,43.60,14
2025-01-06,client_alpha,camp_105,ag_101061,ad_101061,Holiday Awareness Sprint Ad 1,SKIPPABLE_IN_STREAM,ENABLED,2799,1707,111,34.16,11
2025-01-06,client_alpha,camp_105,ag_101062,ad_101062,Holiday Awareness Sprint Ad 2,SHORTS,ENABLED,2894,1765,115,35.96,12
2025-01-06,client_beta,camp_204,ag_201061,ad_201061,Black Friday Teaser Ad 1,SKIPPABLE_IN_STREAM,ENABLED,2919,1780,116,36.76,11
2025-01-06,client_beta,camp_204,ag_201062,ad_201062,Black Friday Teaser Ad 2,SHORTS,ENABLED,3014,1838,120,38.56,13
2025-01-06,client_gamma,camp_305,ag_301061,ad_301061,Festive Reach Expansion Ad 1,SKIPPABLE_IN_STREAM,ENABLED,3039,1853,121,39.36,12
2025-01-06,client_gamma,camp_305,ag_301062,ad_301062,Festive Reach Expansion Ad 2,SHORTS,ENABLED,3134,1911,125,41.16,13
2025-01-06,client_delta,camp_402,ag_401061,ad_401061,Winter Collection Launch Ad 1,SKIPPABLE_IN_STREAM,ENABLED,3159,1926,126,41.96,12
2025-01-06,client_delta,camp_402,ag_401062,ad_401062,Winter Collection Launch Ad 2,SHORTS,ENABLED,3254,1984,130,43.76,14
2025-01-07,client_alpha,camp_105,ag_101071,ad_101071,Holiday Awareness Sprint Ad 1,SKIPPABLE_IN_STREAM,ENABLED,2804,1710,112,34.32,11
2025-01-07,client_alpha,camp_105,ag_101072,ad_101072,Holiday Awareness Sprint Ad 2,SHORTS,ENABLED,2899,1768,115,36.12,12
2025-01-07,client_beta,camp_204,ag_201071,ad_201071,Black Friday Teaser Ad 1,SKIPPABLE_IN_STREAM,ENABLED,2924,1783,116,36.92,11
2025-01-07,client_beta,camp_204,ag_201072,ad_201072,Black Friday Teaser Ad 2,SHORTS,ENABLED,3019,1841,120,38.72,13
2025-01-07,client_gamma,camp_305,ag_301071,ad_301071,Festive Reach Expansion Ad 1,SKIPPABLE_IN_STREAM,ENABLED,3044,1856,121,39.52,12
2025-01-07,client_gamma,camp_305,ag_301072,ad_301072,Festive Reach Expansion Ad 2,SHORTS,ENABLED,3139,1914,125,41.32,13
2025-01-07,client_delta,camp_402,ag_401071,ad_401071,Winter Collection Launch Ad 1,SKIPPABLE_IN_STREAM,ENABLED,3164,1930,126,42.12,12
2025-01-07,client_delta,camp_402,ag_401072,ad_401072,Winter Collection Launch Ad 2,SHORTS,ENABLED,3259,1987,130,43.92,14
2025-01-08,client_alpha,camp_105,ag_101081,ad_101081,Holiday Awareness Sprint Ad 1,SKIPPABLE_IN_STREAM,ENABLED,2809,1713,112,34.48,11
2025-01-08,client_alpha,camp_105,ag_101082,ad_101082,Holiday Awareness Sprint Ad 2,SHORTS,ENABLED,2904,1771,116,36.28,12
2025-01-08,client_beta,camp_204,ag_201081,ad_201081,Black Friday Teaser Ad 1,SKIPPABLE_IN_STREAM,ENABLED,2929,1786,117,37.08,11
2025-01-08,client_beta,camp_204,ag_201082,ad_201082,Black Friday Teaser Ad 2,SHORTS,ENABLED,3024,1844,120,38.88,13
2025-01-08,client_gamma,camp_305,ag_301081,ad_301081,Festive Reach Expansion Ad 1,SKIPPABLE_IN_STREAM,ENABLED,3049,1859,121,39.68,12
2025-01-08,client_gamma,camp_305,ag_301082,ad_301082,Festive Reach Expansion Ad 2,SHORTS,ENABLED,3144,1917,125,41.48,13
2025-01-08,client_delta,camp_402,ag_401081,ad_401081,Winter Collection Launch Ad 1,SKIPPABLE_IN_STREAM,ENABLED,3169,1933,126,42.28,12
2025-01-08,client_delta,camp_402,ag_401082,ad_401082,Winter Collection Launch Ad 2,SHORTS,ENABLED,3264,1991,130,44.08,14
2025-01-09,client_alpha,camp_105,ag_101091,ad_101091,Holiday Awareness Sprint Ad 1,SKIPPABLE_IN_STREAM,ENABLED,2814,1716,112,34.64,11
2025-01-09,client_alpha,camp_105,ag_101092,ad_101092,Holiday Awareness Sprint Ad 2,SHORTS,ENABLED,2909,1774,116,36.44,12
2025-01-09,client_beta,camp_204,ag_201091,ad_201091,Black Friday Teaser Ad 1,SKIPPABLE_IN_STREAM,ENABLED,2934,1789,117,37.24,11
2025-01-09,client_beta,camp_204,ag_201092,ad_201092,Black Friday Teaser Ad 2,SHORTS,ENABLED,3029,1847,121,39.04,13
2025-01-09,client_gamma,camp_305,ag_301091,ad_301091,Festive Reach Expansion Ad 1,SKIPPABLE_IN_STREAM,ENABLED,3054,1862,122,39.84,12
2025-01-09,client_gamma,camp_305,ag_301092,ad_301092,Festive Reach Expansion Ad 2,SHORTS,ENABLED,3149,1920,125,41.64,13
2025-01-09,client_delta,camp_402,ag_401091,ad_401091,Winter Collection Launch Ad 1,SKIPPABLE_IN_STREAM,ENABLED,3174,1936,126,42.44,12
2025-01-09,client_delta,camp_402,ag_401092,ad_401092,Winter Collection Launch Ad 2,SHORTS,ENABLED,3269,1994,130,44.24,14
2025-01-10,client_alpha,camp_105,ag_101101,ad_101101,Holiday Awareness Sprint Ad 1,SKIPPABLE_IN_STREAM,ENABLED,2819,1719,112,34.80,11
2025-01-10,client_alpha,camp_105,ag_101102,ad_101102,Holiday Awareness Sprint Ad 2,SHORTS,ENABLED,2914,1777,116,36.60,12
2025-01-10,client_beta,camp_204,ag_201101,ad_201101,Black Friday Teaser Ad 1,SKIPPABLE_IN_STREAM,ENABLED,2939,1792,117,37.40,11
2025-01-10,client_beta,camp_204,ag_201102,ad_201102,Black Friday Teaser Ad 2,SHORTS,ENABLED,3034,1850,121,39.20,13
2025-01-10,client_gamma,camp_305,ag_301101,ad_301101,Festive Reach Expansion Ad 1,SKIPPABLE_IN_STREAM,ENABLED,3059,1865,122,40.00,12
2025-01-10,client_gamma,camp_305,ag_301102,ad_301102,Festive Reach Expansion Ad 2,SHORTS,ENABLED,3154,1923,126,41.80,13
2025-01-10,client_delta,camp_402,ag_401101,ad_401101,Winter Collection Launch Ad 1,SKIPPABLE_IN_STREAM,ENABLED,3179,1939,127,42.60,12
2025-01-10,client_delta,camp_402,ag_401102,ad_401102,Winter Collection Launch Ad 2,SHORTS,ENABLED,3274,1997,130,44.40,14
2025-01-11,client_alpha,camp_105,ag_101111,ad_101111,Holiday Awareness Sprint Ad 1,SKIPPABLE_IN_STREAM,ENABLED,2824,1722,112,34.96,11
2025-01-11,client_alpha,camp_105,ag_101112,ad_101112,Holiday Awareness Sprint Ad 2,SHORTS,ENABLED,2919,1780,116,36.76,12
2025-01-11,client_beta,camp_204,ag_201111,ad_201111,Black Friday Teaser Ad 1,SKIPPABLE_IN_STREAM,ENABLED,2944,1795,117,37.56,11
2025-01-11,client_beta,camp_204,ag_201112,ad_201112,Black Friday Teaser Ad 2,SHORTS,ENABLED,3039,1853,121,39.36,13
2025-01-11,client_gamma,camp_305,ag_301111,ad_301111,Festive Reach Expansion Ad 1,SKIPPABLE_IN_STREAM,ENABLED,3064,1869,122,40.16,12
2025-01-11,client_gamma,camp_305,ag_301112,ad_301112,Festive Reach Expansion Ad 2,SHORTS,ENABLED,3159,1926,126,41.96,13
2025-01-11,client_delta,camp_402,ag_401111,ad_401111,Winter Collection Launch Ad 1,SKIPPABLE_IN_STREAM,ENABLED,3184,1942,127,42.76,12
2025-01-11,client_delta,camp_402,ag_401112,ad_401112,Winter Collection Launch Ad 2,SHORTS,ENABLED,3279,2000,131,44.56,14
2025-01-12,client_alpha,camp_105,ag_101121,ad_101121,Holiday Awareness Sprint Ad 1,SKIPPABLE_IN_STREAM,ENABLED,2829,1725,113,35.12,11
2025-01-12,client_alpha,camp_105,ag_101122,ad_101122,Holiday Awareness Sprint Ad 2,SHORTS,ENABLED,2924,1783,116,36.92,12
2025-01-12,client_beta,camp_204,ag_201121,ad_201121,Black Friday Teaser Ad 1,SKIPPABLE_IN_STREAM,ENABLED,2949,1798,117,37.72,11
2025-01-12,client_beta,camp_204,ag_201122,ad_201122,Black Friday Teaser Ad 2,SHORTS,ENABLED,3044,1856,121,39.52,13
2025-01-12,client_gamma,camp_305,ag_301121,ad_301121,Festive Reach Expansion Ad 1,SKIPPABLE_IN_STREAM,ENABLED,3069,1872,122,40.32,12
2025-01-12,client_gamma,camp_305,ag_301122,ad_301122,Festive Reach Expansion Ad 2,SHORTS,ENABLED,3164,1930,126,42.12,13
2025-01-12,client_delta,camp_402,ag_401121,ad_401121,Winter Collection Launch Ad 1,SKIPPABLE_IN_STREAM,ENABLED,3189,1945,127,42.92,12
2025-01-12,client_delta,camp_402,ag_401122,ad_401122,Winter Collection Launch Ad 2,SHORTS,ENABLED,3284,2003,131,44.72,14
2025-01-13,client_alpha,camp_105,ag_101131,ad_101131,Holiday Awareness Sprint Ad 1,SKIPPABLE_IN_STREAM,ENABLED,2834,1728,113,35.28,11
2025-01-13,client_alpha,camp_105,ag_101132,ad_101132,Holiday Awareness Sprint Ad 2,SHORTS,ENABLED,2929,1786,117,37.08,12
2025-01-13,client_beta,camp_204,ag_201131,ad_201131,Black Friday Teaser Ad 1,SKIPPABLE_IN_STREAM,ENABLED,2954,1801,118,37.88,11
2025-01-13,client_beta,camp_204,ag_201132,ad_201132,Black Friday Teaser Ad 2,SHORTS,ENABLED,3049,1859,121,39.68,13
2025-01-13,client_gamma,camp_305,ag_301131,ad_301131,Festive Reach Expansion Ad 1,SKIPPABLE_IN_STREAM,ENABLED,3074,1875,122,40.48,12
2025-01-13,client_gamma,camp_305,ag_301132,ad_301132,Festive Reach Expansion Ad 2,SHORTS,ENABLED,3169,1933,126,42.28,13
2025-01-13,client_delta,camp_402,ag_401131,ad_401131,Winter Collection Launch Ad 1,SKIPPABLE_IN_STREAM,ENABLED,3194,1948,127,43.08,12
2025-01-13,client_delta,camp_402,ag_401132,ad_401132,Winter Collection Launch Ad 2,SHORTS,ENABLED,3289,2006,131,44.88,14
2025-01-14,client_alpha,camp_105,ag_101141,ad_101141,Holiday Awareness Sprint Ad 1,SKIPPABLE_IN_STREAM,ENABLED,2839,1731,113,35.44,11
2025-01-14,client_alpha,camp_105,ag_101142,ad_101142,Holiday Awareness Sprint Ad 2,SHORTS,ENABLED,2934,1789,117,37.24,12
2025-01-14,client_beta,camp_204,ag_201141,ad_201141,Black Friday Teaser Ad 1,SKIPPABLE_IN_STREAM,ENABLED,2959,1804,118,38.04,11
2025-01-14,client_beta,camp_204,ag_201142,ad_201142,Black Friday Teaser Ad 2,SHORTS,ENABLED,3054,1862,122,39.84,13
2025-01-14,client_gamma,camp_305,ag_301141,ad_301141,Festive Reach Expansion Ad 1,SKIPPABLE_IN_STREAM,ENABLED,3079,1878,123,40.64,12
2025-01-14,client_gamma,camp_305,ag_301142,ad_301142,Festive Reach Expansion Ad 2,SHORTS,ENABLED,3174,1936,126,42.44,13
2025-01-14,client_delta,camp_402,ag_401141,ad_401141,Winter Collection Launch Ad 1,SKIPPABLE_IN_STREAM,ENABLED,3199,1951,127,43.24,12
2025-01-14,client_delta,camp_402,ag_401142,ad_401142,Winter Collection Launch Ad 2,SHORTS,ENABLED,3294,2009,131,45.04,14
2025-01-15,client_alpha,camp_105,ag_101151,ad_101151,Holiday Awareness Sprint Ad 1,SKIPPABLE_IN_STREAM,ENABLED,2844,1734,113,35.60,11
2025-01-15,client_alpha,camp_105,ag_101152,ad_101152,Holiday Awareness Sprint Ad 2,SHORTS,ENABLED,2939,1792,117,37.40,12
2025-01-15,client_beta,camp_204,ag_201151,ad_201151,Black Friday Teaser Ad 1,SKIPPABLE_IN_STREAM,ENABLED,2964,1808,118,38.20,11
2025-01-15,client_beta,camp_204,ag_201152,ad_201152,Black Friday Teaser Ad 2,SHORTS,ENABLED,3059,1865,122,40.00,13
2025-01-15,client_gamma,camp_305,ag_301151,ad_301151,Festive Reach Expansion Ad 1,SKIPPABLE_IN_STREAM,ENABLED,3084,1881,123,40.80,12
2025-01-15,client_gamma,camp_305,ag_301152,ad_301152,Festive Reach Expansion Ad 2,SHORTS,ENABLED,3179,1939,127,42.60,13
2025-01-15,client_delta,camp_402,ag_401151,ad_401151,Winter Collection Launch Ad 1,SKIPPABLE_IN_STREAM,ENABLED,3204,1954,128,43.40,12
2025-01-15,client_delta,camp_402,ag_401152,ad_401152,Winter Collection Launch Ad 2,SHORTS,ENABLED,3299,2012,131,45.20,14
2025-01-16,client_alpha,camp_105,ag_101161,ad_101161,Holiday Awareness Sprint Ad 1,SKIPPABLE_IN_STREAM,ENABLED,2849,1737,113,35.76,11
2025-01-16,client_alpha,camp_105,ag_101162,ad_101162,Holiday Awareness Sprint Ad 2,SHORTS,ENABLED,2944,1795,117,37.56,12
2025-01-16,client_beta,camp_204,ag_201161,ad_201161,Black Friday Teaser Ad 1,SKIPPABLE_IN_STREAM,ENABLED,2969,1811,118,38.36,11
2025-01-16,client_beta,camp_204,ag_201162,ad_201162,Black Friday Teaser Ad 2,SHORTS,ENABLED,3064,1869,122,40.16,13
2025-01-16,client_gamma,camp_305,ag_301161,ad_301161,Festive Reach Expansion Ad 1,SKIPPABLE_IN_STREAM,ENABLED,3089,1884,123,40.96,12
2025-01-16,client_gamma,camp_305,ag_301162,ad_301162,Festive Reach Expansion Ad 2,SHORTS,ENABLED,3184,1942,127,42.76,13
2025-01-16,client_delta,camp_402,ag_401161,ad_401161,Winter Collection Launch Ad 1,SKIPPABLE_IN_STREAM,ENABLED,3209,1957,128,43.56,12
2025-01-16,client_delta,camp_402,ag_401162,ad_401162,Winter Collection Launch Ad 2,SHORTS,ENABLED,3304,2015,132,45.36,14
2025-01-17,client_alpha,camp_105,ag_101171,ad_101171,Holiday Awareness Sprint Ad 1,SKIPPABLE_IN_STREAM,ENABLED,2854,1740,114,35.92,11
2025-01-17,client_alpha,camp_105,ag_101172,ad_101172,Holiday Awareness Sprint Ad 2,SHORTS,ENABLED,2949,1798,117,37.72,12
2025-01-17,client_beta,camp_204,ag_201171,ad_201171,Black Friday Teaser Ad 1,SKIPPABLE_IN_STREAM,ENABLED,2974,1814,118,38.52,11
2025-01-17,client_beta,camp_204,ag_201172,ad_201172,Black Friday Teaser Ad 2,SHORTS,ENABLED,3069,1872,122,40.32,13
2025-01-17,client_gamma,camp_305,ag_301171,ad_301171,Festive Reach Expansion Ad 1,SKIPPABLE_IN_STREAM,ENABLED,3094,1887,123,41.12,12
2025-01-17,client_gamma,camp_305,ag_301172,ad_301172,Festive Reach Expansion Ad 2,SHORTS,ENABLED,3189,1945,127,42.92,13
2025-01-17,client_delta,camp_402,ag_401171,ad_401171,Winter Collection Launch Ad 1,SKIPPABLE_IN_STREAM,ENABLED,3214,1960,128,43.72,12
2025-01-17,client_delta,camp_402,ag_401172,ad_401172,Winter Collection Launch Ad 2,SHORTS,ENABLED,3309,2018,132,45.52,14
2025-01-18,client_alpha,camp_105,ag_101181,ad_101181,Holiday Awareness Sprint Ad 1,SKIPPABLE_IN_STREAM,ENABLED,2859,1743,114,36.08,11
2025-01-18,client_alpha,camp_105,ag_101182,ad_101182,Holiday Awareness Sprint Ad 2,SHORTS,ENABLED,2954,1801,118,37.88,12
2025-01-18,client_beta,camp_204,ag_201181,ad_201181,Black Friday Teaser Ad 1,SKIPPABLE_IN_STREAM,ENABLED,2979,1817,119,38.68,11
2025-01-18,client_beta,camp_204,ag_201182,ad_201182,Black Friday Teaser Ad 2,SHORTS,ENABLED,3074,1875,122,40.48,13
2025-01-18,client_gamma,camp_305,ag_301181,ad_301181,Festive Reach Expansion Ad 1,SKIPPABLE_IN_STREAM,ENABLED,3099,1890,123,41.28,12
2025-01-18,client_gamma,camp_305,ag_301182,ad_301182,Festive Reach Expansion Ad 2,SHORTS,ENABLED,3194,1948,127,43.08,13
2025-01-18,client_delta,camp_402,ag_401181,ad_401181,Winter Collection Launch Ad 1,SKIPPABLE_IN_STREAM,ENABLED,3219,1963,128,43.88,12
2025-01-18,client_delta,camp_402,ag_401182,ad_401182,Winter Collection Launch Ad 2,SHORTS,ENABLED,3314,2021,132,45.68,14
2025-01-19,client_alpha,camp_105,ag_101191,ad_101191,Holiday Awareness Sprint Ad 1,SKIPPABLE_IN_STREAM,ENABLED,2864,1747,114,36.24,11
2025-01-19,client_alpha,camp_105,ag_101192,ad_101192,Holiday Awareness Sprint Ad 2,SHORTS,ENABLED,2959,1804,118,38.04,12
2025-01-19,client_beta,camp_204,ag_201191,ad_201191,Black Friday Teaser Ad 1,SKIPPABLE_IN_STREAM,ENABLED,2984,1820,119,38.84,11
2025-01-19,client_beta,camp_204,ag_201192,ad_201192,Black Friday Teaser Ad 2,SHORTS,ENABLED,3079,1878,123,40.64,13
2025-01-19,client_gamma,camp_305,ag_301191,ad_301191,Festive Reach Expansion Ad 1,SKIPPABLE_IN_STREAM,ENABLED,3104,1893,124,41.44,12
2025-01-19,client_gamma,camp_305,ag_301192,ad_301192,Festive Reach Expansion Ad 2,SHORTS,ENABLED,3199,1951,127,43.24,13
2025-01-19,client_delta,camp_402,ag_401191,ad_401191,Winter Collection Launch Ad 1,SKIPPABLE_IN_STREAM,ENABLED,3224,1966,128,44.04,12
2025-01-19,client_delta,camp_402,ag_401192,ad_401192,Winter Collection Launch Ad 2,SHORTS,ENABLED,3319,2024,132,45.84,14
2025-01-20,client_alpha,camp_105,ag_101201,ad_101201,Holiday Awareness Sprint Ad 1,SKIPPABLE_IN_STREAM,ENABLED,2869,1750,114,36.40,11
2025-01-20,client_alpha,camp_105,ag_101202,ad_101202,Holiday Awareness Sprint Ad 2,SHORTS,ENABLED,2964,1808,118,38.20,12
2025-01-20,client_beta,camp_204,ag_201201,ad_201201,Black Friday Teaser Ad 1,SKIPPABLE_IN_STREAM,ENABLED,2989,1823,119,39.00,11
2025-01-20,client_beta,camp_204,ag_201202,ad_201202,Black Friday Teaser Ad 2,SHORTS,ENABLED,3084,1881,123,40.80,13
2025-01-20,client_gamma,camp_305,ag_301201,ad_301201,Festive Reach Expansion Ad 1,SKIPPABLE_IN_STREAM,ENABLED,3109,1896,124,41.60,12
2025-01-20,client_gamma,camp_305,ag_301202,ad_301202,Festive Reach Expansion Ad 2,SHORTS,ENABLED,3204,1954,128,43.40,14
2025-01-20,client_delta,camp_402,ag_401201,ad_401201,Winter Collection Launch Ad 1,SKIPPABLE_IN_STREAM,ENABLED,3229,1969,129,44.20,12
2025-01-20,client_delta,camp_402,ag_401202,ad_401202,Winter Collection Launch Ad 2,SHORTS,ENABLED,3324,2027,132,46.00,14
2025-01-21,client_alpha,camp_105,ag_101211,ad_101211,Holiday Awareness Sprint Ad 1,SKIPPABLE_IN_STREAM,ENABLED,2874,1753,114,36.56,11
2025-01-21,client_alpha,camp_105,ag_101212,ad_101212,Holiday Awareness Sprint Ad 2,SHORTS,ENABLED,2969,1811,118,38.36,12
2025-01-21,client_beta,camp_204,ag_201211,ad_201211,Black Friday Teaser Ad 1,SKIPPABLE_IN_STREAM,ENABLED,2994,1826,119,39.16,11
2025-01-21,client_beta,camp_204,ag_201212,ad_201212,Black Friday Teaser Ad 2,SHORTS,ENABLED,3089,1884,123,40.96,13
2025-01-21,client_gamma,camp_305,ag_301211,ad_301211,Festive Reach Expansion Ad 1,SKIPPABLE_IN_STREAM,ENABLED,3114,1899,124,41.76,12
2025-01-21,client_gamma,camp_305,ag_301212,ad_301212,Festive Reach Expansion Ad 2,SHORTS,ENABLED,3209,1957,128,43.56,14
2025-01-21,client_delta,camp_402,ag_401211,ad_401211,Winter Collection Launch Ad 1,SKIPPABLE_IN_STREAM,ENABLED,3234,1972,129,44.36,12
2025-01-21,client_delta,camp_402,ag_401212,ad_401212,Winter Collection Launch Ad 2,SHORTS,ENABLED,3329,2030,133,46.16,14
2025-01-22,client_alpha,camp_105,ag_101221,ad_101221,Holiday Awareness Sprint Ad 1,SKIPPABLE_IN_STREAM,ENABLED,2879,1756,115,36.72,11
2025-01-22,client_alpha,camp_105,ag_101222,ad_101222,Holiday Awareness Sprint Ad 2,SHORTS,ENABLED,2974,1814,118,38.52,12
2025-01-22,client_beta,camp_204,ag_201221,ad_201221,Black Friday Teaser Ad 1,SKIPPABLE_IN_STREAM,ENABLED,2999,1829,119,39.32,11
2025-01-22,client_beta,camp_204,ag_201222,ad_201222,Black Friday Teaser Ad 2,SHORTS,ENABLED,3094,1887,123,41.12,13
2025-01-22,client_gamma,camp_305,ag_301221,ad_301221,Festive Reach Expansion Ad 1,SKIPPABLE_IN_STREAM,ENABLED,3119,1902,124,41.92,12
2025-01-22,client_gamma,camp_305,ag_301222,ad_301222,Festive Reach Expansion Ad 2,SHORTS,ENABLED,3214,1960,128,43.72,14
2025-01-22,client_delta,camp_402,ag_401221,ad_401221,Winter Collection Launch Ad 1,SKIPPABLE_IN_STREAM,ENABLED,3239,1975,129,44.52,12
2025-01-22,client_delta,camp_402,ag_401222,ad_401222,Winter Collection Launch Ad 2,SHORTS,ENABLED,3334,2033,133,46.32,14
2025-01-23,client_alpha,camp_105,ag_101231,ad_101231,Holiday Awareness Sprint Ad 1,SKIPPABLE_IN_STREAM,ENABLED,2884,1759,115,36.88,11
2025-01-23,client_alpha,camp_105,ag_101232,ad_101232,Holiday Awareness Sprint Ad 2,SHORTS,ENABLED,2979,1817,119,38.68,13
2025-01-23,client_beta,camp_204,ag_201231,ad_201231,Black Friday Teaser Ad 1,SKIPPABLE_IN_STREAM,ENABLED,3004,1832,120,39.48,11
2025-01-23,client_beta,camp_204,ag_201232,ad_201232,Black Friday Teaser Ad 2,SHORTS,ENABLED,3099,1890,123,41.28,13
2025-01-23,client_gamma,camp_305,ag_301231,ad_301231,Festive Reach Expansion Ad 1,SKIPPABLE_IN_STREAM,ENABLED,3124,1905,124,42.08,12
2025-01-23,client_gamma,camp_305,ag_301232,ad_301232,Festive Reach Expansion Ad 2,SHORTS,ENABLED,3219,1963,128,43.88,14
2025-01-23,client_delta,camp_402,ag_401231,ad_401231,Winter Collection Launch Ad 1,SKIPPABLE_IN_STREAM,ENABLED,3244,1978,129,44.68,12
2025-01-23,client_delta,camp_402,ag_401232,ad_401232,Winter Collection Launch Ad 2,SHORTS,ENABLED,3339,2036,133,46.48,14
2025-01-24,client_alpha,camp_105,ag_101241,ad_101241,Holiday Awareness Sprint Ad 1,SKIPPABLE_IN_STREAM,ENABLED,2889,1762,115,37.04,11
2025-01-24,client_alpha,camp_105,ag_101242,ad_101242,Holiday Awareness Sprint Ad 2,SHORTS,ENABLED,2984,1820,119,38.84,13
2025-01-24,client_beta,camp_204,ag_201241,ad_201241,Black Friday Teaser Ad 1,SKIPPABLE_IN_STREAM,ENABLED,3009,1835,120,39.64,11
2025-01-24,client_beta,camp_204,ag_201242,ad_201242,Black Friday Teaser Ad 2,SHORTS,ENABLED,3104,1893,124,41.44,13
2025-01-24,client_gamma,camp_305,ag_301241,ad_301241,Festive Reach Expansion Ad 1,SKIPPABLE_IN_STREAM,ENABLED,3129,1908,125,42.24,12
2025-01-24,client_gamma,camp_305,ag_301242,ad_301242,Festive Reach Expansion Ad 2,SHORTS,ENABLED,3224,1966,128,44.04,14
2025-01-24,client_delta,camp_402,ag_401241,ad_401241,Winter Collection Launch Ad 1,SKIPPABLE_IN_STREAM,ENABLED,3249,1981,129,44.84,12
2025-01-24,client_delta,camp_402,ag_401242,ad_401242,Winter Collection Launch Ad 2,SHORTS,ENABLED,3344,2039,133,46.64,14
2025-01-25,client_alpha,camp_105,ag_101251,ad_101251,Holiday Awareness Sprint Ad 1,SKIPPABLE_IN_STREAM,ENABLED,2894,1765,115,37.20,11
2025-01-25,client_alpha,camp_105,ag_101252,ad_101252,Holiday Awareness Sprint Ad 2,SHORTS,ENABLED,2989,1823,119,39.00,13
2025-01-25,client_beta,camp_204,ag_201251,ad_201251,Black Friday Teaser Ad 1,SKIPPABLE_IN_STREAM,ENABLED,3014,1838,120,39.80,11
2025-01-25,client_beta,camp_204,ag_201252,ad_201252,Black Friday Teaser Ad 2,SHORTS,ENABLED,3109,1896,124,41.60,13
2025-01-25,client_gamma,camp_305,ag_301251,ad_301251,Festive Reach Expansion Ad 1,SKIPPABLE_IN_STREAM,ENABLED,3134,1911,125,42.40,12
2025-01-25,client_gamma,camp_305,ag_301252,ad_301252,Festive Reach Expansion Ad 2,SHORTS,ENABLED,3229,1969,129,44.20,14
2025-01-25,client_delta,camp_402,ag_401251,ad_401251,Winter Collection Launch Ad 1,SKIPPABLE_IN_STREAM,ENABLED,3254,1984,130,45.00,12
2025-01-25,client_delta,camp_402,ag_401252,ad_401252,Winter Collection Launch Ad 2,SHORTS,ENABLED,3349,2042,133,46.80,14
2025-01-26,client_alpha,camp_105,ag_101261,ad_101261,Holiday Awareness Sprint Ad 1,SKIPPABLE_IN_STREAM,ENABLED,2899,1768,115,37.36,11
2025-01-26,client_alpha,camp_105,ag_101262,ad_101262,Holiday Awareness Sprint Ad 2,SHORTS,ENABLED,2994,1826,119,39.16,13
2025-01-26,client_beta,camp_204,ag_201261,ad_201261,Black Friday Teaser Ad 1,SKIPPABLE_IN_STREAM,ENABLED,3019,1841,120,39.96,11
2025-01-26,client_beta,camp_204,ag_201262,ad_201262,Black Friday Teaser Ad 2,SHORTS,ENABLED,3114,1899,124,41.76,13
2025-01-26,client_gamma,camp_305,ag_301261,ad_301261,Festive Reach Expansion Ad 1,SKIPPABLE_IN_STREAM,ENABLED,3139,1914,125,42.56,12
2025-01-26,client_gamma,camp_305,ag_301262,ad_301262,Festive Reach Expansion Ad 2,SHORTS,ENABLED,3234,1972,129,44.36,14
2025-01-26,client_delta,camp_402,ag_401261,ad_401261,Winter Collection Launch Ad 1,SKIPPABLE_IN_STREAM,ENABLED,3259,1987,130,45.16,12
2025-01-26,client_delta,camp_402,ag_401262,ad_401262,Winter Collection Launch Ad 2,SHORTS,ENABLED,3354,2045,134,46.96,14
2025-01-27,client_alpha,camp_105,ag_101271,ad_101271,Holiday Awareness Sprint Ad 1,SKIPPABLE_IN_STREAM,ENABLED,2904,1771,116,37.52,11
2025-01-27,client_alpha,camp_105,ag_101272,ad_101272,Holiday Awareness Sprint Ad 2,SHORTS,ENABLED,2999,1829,119,39.32,13
2025-01-27,client_beta,camp_204,ag_201271,ad_201271,Black Friday Teaser Ad 1,SKIPPABLE_IN_STREAM,ENABLED,3024,1844,120,40.12,11
2025-01-27,client_beta,camp_204,ag_201272,ad_201272,Black Friday Teaser Ad 2,SHORTS,ENABLED,3119,1902,124,41.92,13
2025-01-27,client_gamma,camp_305,ag_301271,ad_301271,Festive Reach Expansion Ad 1,SKIPPABLE_IN_STREAM,ENABLED,3144,1917,125,42.72,12
2025-01-27,client_gamma,camp_305,ag_301272,ad_301272,Festive Reach Expansion Ad 2,SHORTS,ENABLED,3239,1975,129,44.52,14
2025-01-27,client_delta,camp_402,ag_401271,ad_401271,Winter Collection Launch Ad 1,SKIPPABLE_IN_STREAM,ENABLED,3264,1991,130,45.32,12
2025-01-27,client_delta,camp_402,ag_401272,ad_401272,Winter Collection Launch Ad 2,SHORTS,ENABLED,3359,2048,134,47.12,14
2025-01-28,client_alpha,camp_105,ag_101281,ad_101281,Holiday Awareness Sprint Ad 1,SKIPPABLE_IN_STREAM,ENABLED,2909,1774,116,37.68,11
2025-01-28,client_alpha,camp_105,ag_101282,ad_101282,Holiday Awareness Sprint Ad 2,SHORTS,ENABLED,3004,1832,120,39.48,13
2025-01-28,client_beta,camp_204,ag_201281,ad_201281,Black Friday Teaser Ad 1,SKIPPABLE_IN_STREAM,ENABLED,3029,1847,121,40.28,12
2025-01-28,client_beta,camp_204,ag_201282,ad_201282,Black Friday Teaser Ad 2,SHORTS,ENABLED,3124,1905,124,42.08,13
2025-01-28,client_gamma,camp_305,ag_301281,ad_301281,Festive Reach Expansion Ad 1,SKIPPABLE_IN_STREAM,ENABLED,3149,1920,125,42.88,12
2025-01-28,client_gamma,camp_305,ag_301282,ad_301282,Festive Reach Expansion Ad 2,SHORTS,ENABLED,3244,1978,129,44.68,14
2025-01-28,client_delta,camp_402,ag_401281,ad_401281,Winter Collection Launch Ad 1,SKIPPABLE_IN_STREAM,ENABLED,3269,1994,130,45.48,12
2025-01-28,client_delta,camp_402,ag_401282,ad_401282,Winter Collection Launch Ad 2,SHORTS,ENABLED,3364,2052,134,47.28,14
2025-01-29,client_alpha,camp_105,ag_101291,ad_101291,Holiday Awareness Sprint Ad 1,SKIPPABLE_IN_STREAM,ENABLED,2914,1777,116,37.84,11
2025-01-29,client_alpha,camp_105,ag_101292,ad_101292,Holiday Awareness Sprint Ad 2,SHORTS,ENABLED,3009,1835,120,39.64,13
2025-01-29,client_beta,camp_204,ag_201291,ad_201291,Black Friday Teaser Ad 1,SKIPPABLE_IN_STREAM,ENABLED,3034,1850,121,40.44,12
2025-01-29,client_beta,camp_204,ag_201292,ad_201292,Black Friday Teaser Ad 2,SHORTS,ENABLED,3129,1908,125,42.24,13
2025-01-29,client_gamma,camp_305,ag_301291,ad_301291,Festive Reach Expansion Ad 1,SKIPPABLE_IN_STREAM,ENABLED,3154,1923,126,43.04,12
2025-01-29,client_gamma,camp_305,ag_301292,ad_301292,Festive Reach Expansion Ad 2,SHORTS,ENABLED,3249,1981,129,44.84,14
2025-01-29,client_delta,camp_402,ag_401291,ad_401291,Winter Collection Launch Ad 1,SKIPPABLE_IN_STREAM,ENABLED,3274,1997,130,45.64,12
2025-01-29,client_delta,camp_402,ag_401292,ad_401292,Winter Collection Launch Ad 2,SHORTS,ENABLED,3369,2055,134,47.44,14
2025-01-30,client_alpha,camp_105,ag_101301,ad_101301,Holiday Awareness Sprint Ad 1,SKIPPABLE_IN_STREAM,ENABLED,2919,1780,116,38.00,11
2025-01-30,client_alpha,camp_105,ag_101302,ad_101302,Holiday Awareness Sprint Ad 2,SHORTS,ENABLED,3014,1838,120,39.80,13
2025-01-30,client_beta,camp_204,ag_201301,ad_201301,Black Friday Teaser Ad 1,SKIPPABLE_IN_STREAM,ENABLED,3039,1853,121,40.60,12
2025-01-30,client_beta,camp_204,ag_201302,ad_201302,Black Friday Teaser Ad 2,SHORTS,ENABLED,3134,1911,125,42.40,13
2025-01-30,client_gamma,camp_305,ag_301301,ad_301301,Festive Reach Expansion Ad 1,SKIPPABLE_IN_STREAM,ENABLED,3159,1926,126,43.20,12
2025-01-30,client_gamma,camp_305,ag_301302,ad_301302,Festive Reach Expansion Ad 2,SHORTS,ENABLED,3254,1984,130,45.00,14
2025-01-30,client_delta,camp_402,ag_401301,ad_401301,Winter Collection Launch Ad 1,SKIPPABLE_IN_STREAM,ENABLED,3279,2000,131,45.80,13
2025-01-30,client_delta,camp_402,ag_401302,ad_401302,Winter Collection Launch Ad 2,SHORTS,ENABLED,3374,2058,134,47.60,14
2025-01-31,client_alpha,camp_105,ag_101311,ad_101311,Holiday Awareness Sprint Ad 1,SKIPPABLE_IN_STREAM,ENABLED,2924,1783,116,38.16,11
2025-01-31,client_alpha,camp_105,ag_101312,ad_101312,Holiday Awareness Sprint Ad 2,SHORTS,ENABLED,3019,1841,120,39.96,13
2025-01-31,client_beta,camp_204,ag_201311,ad_201311,Black Friday Teaser Ad 1,SKIPPABLE_IN_STREAM,ENABLED,3044,1856,121,40.76,12
2025-01-31,client_beta,camp_204,ag_201312,ad_201312,Black Friday Teaser Ad 2,SHORTS,ENABLED,3139,1914,125,42.56,13
2025-01-31,client_gamma,camp_305,ag_301311,ad_301311,Festive Reach Expansion Ad 1,SKIPPABLE_IN_STREAM,ENABLED,3164,1930,126,43.36,12
2025-01-31,client_gamma,camp_305,ag_301312,ad_301312,Festive Reach Expansion Ad 2,SHORTS,ENABLED,3259,1987,130,45.16,14
2025-01-31,client_delta,camp_402,ag_401311,ad_401311,Winter Collection Launch Ad 1,SKIPPABLE_IN_STREAM,ENABLED,3284,2003,131,45.96,13
2025-01-31,client_delta,camp_402,ag_401312,ad_401312,Winter Collection Launch Ad 2,SHORTS,ENABLED,3379,2061,135,47.76,14
2025-02-01,client_alpha,camp_105,ag_102011,ad_102011,Holiday Awareness Sprint Ad 1,SKIPPABLE_IN_STREAM,ENABLED,2848,1737,113,34.76,11
2025-02-01,client_alpha,camp_105,ag_102012,ad_102012,Holiday Awareness Sprint Ad 2,SHORTS,ENABLED,2943,1795,117,36.56,12
2025-02-01,client_beta,camp_204,ag_202011,ad_202011,Black Friday Teaser Ad 1,SKIPPABLE_IN_STREAM,ENABLED,2968,1810,118,37.36,11
2025-02-01,client_beta,camp_204,ag_202012,ad_202012,Black Friday Teaser Ad 2,SHORTS,ENABLED,3063,1868,122,39.16,13
2025-02-01,client_gamma,camp_305,ag_302011,ad_302011,Festive Reach Expansion Ad 1,SKIPPABLE_IN_STREAM,ENABLED,3088,1883,123,39.96,12
2025-02-01,client_gamma,camp_305,ag_302012,ad_302012,Festive Reach Expansion Ad 2,SHORTS,ENABLED,3183,1941,127,41.76,13
2025-02-01,client_delta,camp_402,ag_402011,ad_402011,Winter Collection Launch Ad 1,SKIPPABLE_IN_STREAM,ENABLED,3208,1956,128,42.56,12
2025-02-01,client_delta,camp_402,ag_402012,ad_402012,Winter Collection Launch Ad 2,SHORTS,ENABLED,3303,2014,132,44.36,14
2025-02-02,client_alpha,camp_105,ag_102021,ad_102021,Holiday Awareness Sprint Ad 1,SKIPPABLE_IN_STREAM,ENABLED,2853,1740,114,34.92,11
2025-02-02,client_alpha,camp_105,ag_102022,ad_102022,Holiday Awareness Sprint Ad 2,SHORTS,ENABLED,2948,1798,117,36.72,12
2025-02-02,client_beta,camp_204,ag_202021,ad_202021,Black Friday Teaser Ad 1,SKIPPABLE_IN_STREAM,ENABLED,2973,1813,118,37.52,11
2025-02-02,client_beta,camp_204,ag_202022,ad_202022,Black Friday Teaser Ad 2,SHORTS,ENABLED,3068,1871,122,39.32,13
2025-02-02,client_gamma,camp_305,ag_302021,ad_302021,Festive Reach Expansion Ad 1,SKIPPABLE_IN_STREAM,ENABLED,3093,1886,123,40.12,12
2025-02-02,client_gamma,camp_305,ag_302022,ad_302022,Festive Reach Expansion Ad 2,SHORTS,ENABLED,3188,1944,127,41.92,13
2025-02-02,client_delta,camp_402,ag_402021,ad_402021,Winter Collection Launch Ad 1,SKIPPABLE_IN_STREAM,ENABLED,3213,1959,128,42.72,12
2025-02-02,client_delta,camp_402,ag_402022,ad_402022,Winter Collection Launch Ad 2,SHORTS,ENABLED,3308,2017,132,44.52,14
2025-02-03,client_alpha,camp_105,ag_102031,ad_102031,Holiday Awareness Sprint Ad 1,SKIPPABLE_IN_STREAM,ENABLED,2858,1743,114,35.08,11
2025-02-03,client_alpha,camp_105,ag_102032,ad_102032,Holiday Awareness Sprint Ad 2,SHORTS,ENABLED,2953,1801,118,36.88,12
2025-02-03,client_beta,camp_204,ag_202031,ad_202031,Black Friday Teaser Ad 1,SKIPPABLE_IN_STREAM,ENABLED,2978,1816,119,37.68,11
2025-02-03,client_beta,camp_204,ag_202032,ad_202032,Black Friday Teaser Ad 2,SHORTS,ENABLED,3073,1874,122,39.48,13
2025-02-03,client_gamma,camp_305,ag_302031,ad_302031,Festive Reach Expansion Ad 1,SKIPPABLE_IN_STREAM,ENABLED,3098,1889,123,40.28,12
2025-02-03,client_gamma,camp_305,ag_302032,ad_302032,Festive Reach Expansion Ad 2,SHORTS,ENABLED,3193,1947,127,42.08,13
2025-02-03,client_delta,camp_402,ag_402031,ad_402031,Winter Collection Launch Ad 1,SKIPPABLE_IN_STREAM,ENABLED,3218,1962,128,42.88,12
2025-02-03,client_delta,camp_402,ag_402032,ad_402032,Winter Collection Launch Ad 2,SHORTS,ENABLED,3313,2020,132,44.68,14
2025-02-04,client_alpha,camp_105,ag_102041,ad_102041,Holiday Awareness Sprint Ad 1,SKIPPABLE_IN_STREAM,ENABLED,2863,1746,114,35.24,11
2025-02-04,client_alpha,camp_105,ag_102042,ad_102042,Holiday Awareness Sprint Ad 2,SHORTS,ENABLED,2958,1804,118,37.04,12
2025-02-04,client_beta,camp_204,ag_202041,ad_202041,Black Friday Teaser Ad 1,SKIPPABLE_IN_STREAM,ENABLED,2983,1819,119,37.84,11
2025-02-04,client_beta,camp_204,ag_202042,ad_202042,Black Friday Teaser Ad 2,SHORTS,ENABLED,3078,1877,123,39.64,13
2025-02-04,client_gamma,camp_305,ag_302041,ad_302041,Festive Reach Expansion Ad 1,SKIPPABLE_IN_STREAM,ENABLED,3103,1892,124,40.44,12
2025-02-04,client_gamma,camp_305,ag_302042,ad_302042,Festive Reach Expansion Ad 2,SHORTS,ENABLED,3198,1950,127,42.24,13
2025-02-04,client_delta,camp_402,ag_402041,ad_402041,Winter Collection Launch Ad 1,SKIPPABLE_IN_STREAM,ENABLED,3223,1966,128,43.04,12
2025-02-04,client_delta,camp_402,ag_402042,ad_402042,Winter Collection Launch Ad 2,SHORTS,ENABLED,3318,2023,132,44.84,14
2025-02-05,client_alpha,camp_105,ag_102051,ad_102051,Holiday Awareness Sprint Ad 1,SKIPPABLE_IN_STREAM,ENABLED,2868,1749,114,35.40,11
2025-02-05,client_alpha,camp_105,ag_102052,ad_102052,Holiday Awareness Sprint Ad 2,SHORTS,ENABLED,2963,1807,118,37.20,12
2025-02-05,client_beta,camp_204,ag_202051,ad_202051,Black Friday Teaser Ad 1,SKIPPABLE_IN_STREAM,ENABLED,2988,1822,119,38.00,11
2025-02-05,client_beta,camp_204,ag_202052,ad_202052,Black Friday Teaser Ad 2,SHORTS,ENABLED,3083,1880,123,39.80,13
2025-02-05,client_gamma,camp_305,ag_302051,ad_302051,Festive Reach Expansion Ad 1,SKIPPABLE_IN_STREAM,ENABLED,3108,1895,124,40.60,12
2025-02-05,client_gamma,camp_305,ag_302052,ad_302052,Festive Reach Expansion Ad 2,SHORTS,ENABLED,3203,1953,128,42.40,14
2025-02-05,client_delta,camp_402,ag_402051,ad_402051,Winter Collection Launch Ad 1,SKIPPABLE_IN_STREAM,ENABLED,3228,1969,129,43.20,12
2025-02-05,client_delta,camp_402,ag_402052,ad_402052,Winter Collection Launch Ad 2,SHORTS,ENABLED,3323,2027,132,45.00,14
2025-02-06,client_alpha,camp_105,ag_102061,ad_102061,Holiday Awareness Sprint Ad 1,SKIPPABLE_IN_STREAM,ENABLED,2873,1752,114,35.56,11
2025-02-06,client_alpha,camp_105,ag_102062,ad_102062,Holiday Awareness Sprint Ad 2,SHORTS,ENABLED,2968,1810,118,37.36,12
2025-02-06,client_beta,camp_204,ag_202061,ad_202061,Black Friday Teaser Ad 1,SKIPPABLE_IN_STREAM,ENABLED,2993,1825,119,38.16,11
2025-02-06,client_beta,camp_204,ag_202062,ad_202062,Black Friday Teaser Ad 2,SHORTS,ENABLED,3088,1883,123,39.96,13
2025-02-06,client_gamma,camp_305,ag_302061,ad_302061,Festive Reach Expansion Ad 1,SKIPPABLE_IN_STREAM,ENABLED,3113,1898,124,40.76,12
2025-02-06,client_gamma,camp_305,ag_302062,ad_302062,Festive Reach Expansion Ad 2,SHORTS,ENABLED,3208,1956,128,42.56,14
2025-02-06,client_delta,camp_402,ag_402061,ad_402061,Winter Collection Launch Ad 1,SKIPPABLE_IN_STREAM,ENABLED,3233,1972,129,43.36,12
2025-02-06,client_delta,camp_402,ag_402062,ad_402062,Winter Collection Launch Ad 2,SHORTS,ENABLED,3328,2030,133,45.16,14
2025-02-07,client_alpha,camp_105,ag_102071,ad_102071,Holiday Awareness Sprint Ad 1,SKIPPABLE_IN_STREAM,ENABLED,2878,1755,115,35.72,11
2025-02-07,client_alpha,camp_105,ag_102072,ad_102072,Holiday Awareness Sprint Ad 2,SHORTS,ENABLED,2973,1813,118,37.52,12
2025-02-07,client_beta,camp_204,ag_202071,ad_202071,Black Friday Teaser Ad 1,SKIPPABLE_IN_STREAM,ENABLED,2998,1828,119,38.32,11
2025-02-07,client_beta,camp_204,ag_202072,ad_202072,Black Friday Teaser Ad 2,SHORTS,ENABLED,3093,1886,123,40.12,13
2025-02-07,client_gamma,camp_305,ag_302071,ad_302071,Festive Reach Expansion Ad 1,SKIPPABLE_IN_STREAM,ENABLED,3118,1901,124,40.92,12
2025-02-07,client_gamma,camp_305,ag_302072,ad_302072,Festive Reach Expansion Ad 2,SHORTS,ENABLED,3213,1959,128,42.72,14
2025-02-07,client_delta,camp_402,ag_402071,ad_402071,Winter Collection Launch Ad 1,SKIPPABLE_IN_STREAM,ENABLED,3238,1975,129,43.52,12
2025-02-07,client_delta,camp_402,ag_402072,ad_402072,Winter Collection Launch Ad 2,SHORTS,ENABLED,3333,2033,133,45.32,14
2025-02-08,client_alpha,camp_105,ag_102081,ad_102081,Holiday Awareness Sprint Ad 1,SKIPPABLE_IN_STREAM,ENABLED,2883,1758,115,35.88,11
2025-02-08,client_alpha,camp_105,ag_102082,ad_102082,Holiday Awareness Sprint Ad 2,SHORTS,ENABLED,2978,1816,119,37.68,13
2025-02-08,client_beta,camp_204,ag_202081,ad_202081,Black Friday Teaser Ad 1,SKIPPABLE_IN_STREAM,ENABLED,3003,1831,120,38.48,11
2025-02-08,client_beta,camp_204,ag_202082,ad_202082,Black Friday Teaser Ad 2,SHORTS,ENABLED,3098,1889,123,40.28,13
2025-02-08,client_gamma,camp_305,ag_302081,ad_302081,Festive Reach Expansion Ad 1,SKIPPABLE_IN_STREAM,ENABLED,3123,1905,124,41.08,12
2025-02-08,client_gamma,camp_305,ag_302082,ad_302082,Festive Reach Expansion Ad 2,SHORTS,ENABLED,3218,1962,128,42.88,14
2025-02-08,client_delta,camp_402,ag_402081,ad_402081,Winter Collection Launch Ad 1,SKIPPABLE_IN_STREAM,ENABLED,3243,1978,129,43.68,12
2025-02-08,client_delta,camp_402,ag_402082,ad_402082,Winter Collection Launch Ad 2,SHORTS,ENABLED,3338,2036,133,45.48,14
2025-02-09,client_alpha,camp_105,ag_102091,ad_102091,Holiday Awareness Sprint Ad 1,SKIPPABLE_IN_STREAM,ENABLED,2888,1761,115,36.04,11
2025-02-09,client_alpha,camp_105,ag_102092,ad_102092,Holiday Awareness Sprint Ad 2,SHORTS,ENABLED,2983,1819,119,37.84,13
2025-02-09,client_beta,camp_204,ag_202091,ad_202091,Black Friday Teaser Ad 1,SKIPPABLE_IN_STREAM,ENABLED,3008,1834,120,38.64,11
2025-02-09,client_beta,camp_204,ag_202092,ad_202092,Black Friday Teaser Ad 2,SHORTS,ENABLED,3103,1892,124,40.44,13
2025-02-09,client_gamma,camp_305,ag_302091,ad_302091,Festive Reach Expansion Ad 1,SKIPPABLE_IN_STREAM,ENABLED,3128,1908,125,41.24,12
2025-02-09,client_gamma,camp_305,ag_302092,ad_302092,Festive Reach Expansion Ad 2,SHORTS,ENABLED,3223,1966,128,43.04,14
2025-02-09,client_delta,camp_402,ag_402091,ad_402091,Winter Collection Launch Ad 1,SKIPPABLE_IN_STREAM,ENABLED,3248,1981,129,43.84,12
2025-02-09,client_delta,camp_402,ag_402092,ad_402092,Winter Collection Launch Ad 2,SHORTS,ENABLED,3343,2039,133,45.64,14
2025-02-10,client_alpha,camp_105,ag_102101,ad_102101,Holiday Awareness Sprint Ad 1,SKIPPABLE_IN_STREAM,ENABLED,2893,1764,115,36.20,11
2025-02-10,client_alpha,camp_105,ag_102102,ad_102102,Holiday Awareness Sprint Ad 2,SHORTS,ENABLED,2988,1822,119,38.00,13
2025-02-10,client_beta,camp_204,ag_202101,ad_202101,Black Friday Teaser Ad 1,SKIPPABLE_IN_STREAM,ENABLED,3013,1837,120,38.80,11
2025-02-10,client_beta,camp_204,ag_202102,ad_202102,Black Friday Teaser Ad 2,SHORTS,ENABLED,3108,1895,124,40.60,13
2025-02-10,client_gamma,camp_305,ag_302101,ad_302101,Festive Reach Expansion Ad 1,SKIPPABLE_IN_STREAM,ENABLED,3133,1911,125,41.40,12
2025-02-10,client_gamma,camp_305,ag_302102,ad_302102,Festive Reach Expansion Ad 2,SHORTS,ENABLED,3228,1969,129,43.20,14
2025-02-10,client_delta,camp_402,ag_402101,ad_402101,Winter Collection Launch Ad 1,SKIPPABLE_IN_STREAM,ENABLED,3253,1984,130,44.00,12
2025-02-10,client_delta,camp_402,ag_402102,ad_402102,Winter Collection Launch Ad 2,SHORTS,ENABLED,3348,2042,133,45.80,14
2025-02-11,client_alpha,camp_105,ag_102111,ad_102111,Holiday Awareness Sprint Ad 1,SKIPPABLE_IN_STREAM,ENABLED,2898,1767,115,36.36,11
2025-02-11,client_alpha,camp_105,ag_102112,ad_102112,Holiday Awareness Sprint Ad 2,SHORTS,ENABLED,2993,1825,119,38.16,13
2025-02-11,client_beta,camp_204,ag_202111,ad_202111,Black Friday Teaser Ad 1,SKIPPABLE_IN_STREAM,ENABLED,3018,1840,120,38.96,11
2025-02-11,client_beta,camp_204,ag_202112,ad_202112,Black Friday Teaser Ad 2,SHORTS,ENABLED,3113,1898,124,40.76,13
2025-02-11,client_gamma,camp_305,ag_302111,ad_302111,Festive Reach Expansion Ad 1,SKIPPABLE_IN_STREAM,ENABLED,3138,1914,125,41.56,12
2025-02-11,client_gamma,camp_305,ag_302112,ad_302112,Festive Reach Expansion Ad 2,SHORTS,ENABLED,3233,1972,129,43.36,14
2025-02-11,client_delta,camp_402,ag_402111,ad_402111,Winter Collection Launch Ad 1,SKIPPABLE_IN_STREAM,ENABLED,3258,1987,130,44.16,12
2025-02-11,client_delta,camp_402,ag_402112,ad_402112,Winter Collection Launch Ad 2,SHORTS,ENABLED,3353,2045,134,45.96,14
2025-02-12,client_alpha,camp_105,ag_102121,ad_102121,Holiday Awareness Sprint Ad 1,SKIPPABLE_IN_STREAM,ENABLED,2903,1770,116,36.52,11
2025-02-12,client_alpha,camp_105,ag_102122,ad_102122,Holiday Awareness Sprint Ad 2,SHORTS,ENABLED,2998,1828,119,38.32,13
2025-02-12,client_beta,camp_204,ag_202121,ad_202121,Black Friday Teaser Ad 1,SKIPPABLE_IN_STREAM,ENABLED,3023,1844,120,39.12,11
2025-02-12,client_beta,camp_204,ag_202122,ad_202122,Black Friday Teaser Ad 2,SHORTS,ENABLED,3118,1901,124,40.92,13
2025-02-12,client_gamma,camp_305,ag_302121,ad_302121,Festive Reach Expansion Ad 1,SKIPPABLE_IN_STREAM,ENABLED,3143,1917,125,41.72,12
2025-02-12,client_gamma,camp_305,ag_302122,ad_302122,Festive Reach Expansion Ad 2,SHORTS,ENABLED,3238,1975,129,43.52,14
2025-02-12,client_delta,camp_402,ag_402121,ad_402121,Winter Collection Launch Ad 1,SKIPPABLE_IN_STREAM,ENABLED,3263,1990,130,44.32,12
2025-02-12,client_delta,camp_402,ag_402122,ad_402122,Winter Collection Launch Ad 2,SHORTS,ENABLED,3358,2048,134,46.12,14
2025-02-13,client_alpha,camp_105,ag_102131,ad_102131,Holiday Awareness Sprint Ad 1,SKIPPABLE_IN_STREAM,ENABLED,2908,1773,116,36.68,11
2025-02-13,client_alpha,camp_105,ag_102132,ad_102132,Holiday Awareness Sprint Ad 2,SHORTS,ENABLED,3003,1831,120,38.48,13
2025-02-13,client_beta,camp_204,ag_202131,ad_202131,Black Friday Teaser Ad 1,SKIPPABLE_IN_STREAM,ENABLED,3028,1847,121,39.28,12
2025-02-13,client_beta,camp_204,ag_202132,ad_202132,Black Friday Teaser Ad 2,SHORTS,ENABLED,3123,1905,124,41.08,13
2025-02-13,client_gamma,camp_305,ag_302131,ad_302131,Festive Reach Expansion Ad 1,SKIPPABLE_IN_STREAM,ENABLED,3148,1920,125,41.88,12
2025-02-13,client_gamma,camp_305,ag_302132,ad_302132,Festive Reach Expansion Ad 2,SHORTS,ENABLED,3243,1978,129,43.68,14
2025-02-13,client_delta,camp_402,ag_402131,ad_402131,Winter Collection Launch Ad 1,SKIPPABLE_IN_STREAM,ENABLED,3268,1993,130,44.48,12
2025-02-13,client_delta,camp_402,ag_402132,ad_402132,Winter Collection Launch Ad 2,SHORTS,ENABLED,3363,2051,134,46.28,14
2025-02-14,client_alpha,camp_105,ag_102141,ad_102141,Holiday Awareness Sprint Ad 1,SKIPPABLE_IN_STREAM,ENABLED,2913,1776,116,36.84,11
2025-02-14,client_alpha,camp_105,ag_102142,ad_102142,Holiday Awareness Sprint Ad 2,SHORTS,ENABLED,3008,1834,120,38.64,13
2025-02-14,client_beta,camp_204,ag_202141,ad_202141,Black Friday Teaser Ad 1,SKIPPABLE_IN_STREAM,ENABLED,3033,1850,121,39.44,12
2025-02-14,client_beta,camp_204,ag_202142,ad_202142,Black Friday Teaser Ad 2,SHORTS,ENABLED,3128,1908,125,41.24,13
2025-02-14,client_gamma,camp_305,ag_302141,ad_302141,Festive Reach Expansion Ad 1,SKIPPABLE_IN_STREAM,ENABLED,3153,1923,126,42.04,12
2025-02-14,client_gamma,camp_305,ag_302142,ad_302142,Festive Reach Expansion Ad 2,SHORTS,ENABLED,3248,1981,129,43.84,14
2025-02-14,client_delta,camp_402,ag_402141,ad_402141,Winter Collection Launch Ad 1,SKIPPABLE_IN_STREAM,ENABLED,3273,1996,130,44.64,12
2025-02-14,client_delta,camp_402,ag_402142,ad_402142,Winter Collection Launch Ad 2,SHORTS,ENABLED,3368,2054,134,46.44,14
2025-02-15,client_alpha,camp_105,ag_102151,ad_102151,Holiday Awareness Sprint Ad 1,SKIPPABLE_IN_STREAM,ENABLED,2918,1779,116,37.00,11
2025-02-15,client_alpha,camp_105,ag_102152,ad_102152,Holiday Awareness Sprint Ad 2,SHORTS,ENABLED,3013,1837,120,38.80,13
2025-02-15,client_beta,camp_204,ag_202151,ad_202151,Black Friday Teaser Ad 1,SKIPPABLE_IN_STREAM,ENABLED,3038,1853,121,39.60,12
2025-02-15,client_beta,camp_204,ag_202152,ad_202152,Black Friday Teaser Ad 2,SHORTS,ENABLED,3133,1911,125,41.40,13
2025-02-15,client_gamma,camp_305,ag_302151,ad_302151,Festive Reach Expansion Ad 1,SKIPPABLE_IN_STREAM,ENABLED,3158,1926,126,42.20,12
2025-02-15,client_gamma,camp_305,ag_302152,ad_302152,Festive Reach Expansion Ad 2,SHORTS,ENABLED,3253,1984,130,44.00,14
2025-02-15,client_delta,camp_402,ag_402151,ad_402151,Winter Collection Launch Ad 1,SKIPPABLE_IN_STREAM,ENABLED,3278,1999,131,44.80,13
2025-02-15,client_delta,camp_402,ag_402152,ad_402152,Winter Collection Launch Ad 2,SHORTS,ENABLED,3373,2057,134,46.60,14
2025-02-16,client_alpha,camp_105,ag_102161,ad_102161,Holiday Awareness Sprint Ad 1,SKIPPABLE_IN_STREAM,ENABLED,2923,1783,116,37.16,11
2025-02-16,client_alpha,camp_105,ag_102162,ad_102162,Holiday Awareness Sprint Ad 2,SHORTS,ENABLED,3018,1840,120,38.96,13
2025-02-16,client_beta,camp_204,ag_202161,ad_202161,Black Friday Teaser Ad 1,SKIPPABLE_IN_STREAM,ENABLED,3043,1856,121,39.76,12
2025-02-16,client_beta,camp_204,ag_202162,ad_202162,Black Friday Teaser Ad 2,SHORTS,ENABLED,3138,1914,125,41.56,13
2025-02-16,client_gamma,camp_305,ag_302161,ad_302161,Festive Reach Expansion Ad 1,SKIPPABLE_IN_STREAM,ENABLED,3163,1929,126,42.36,12
2025-02-16,client_gamma,camp_305,ag_302162,ad_302162,Festive Reach Expansion Ad 2,SHORTS,ENABLED,3258,1987,130,44.16,14
2025-02-16,client_delta,camp_402,ag_402161,ad_402161,Winter Collection Launch Ad 1,SKIPPABLE_IN_STREAM,ENABLED,3283,2002,131,44.96,13
2025-02-16,client_delta,camp_402,ag_402162,ad_402162,Winter Collection Launch Ad 2,SHORTS,ENABLED,3378,2060,135,46.76,14
2025-02-17,client_alpha,camp_105,ag_102171,ad_102171,Holiday Awareness Sprint Ad 1,SKIPPABLE_IN_STREAM,ENABLED,2928,1786,117,37.32,11
2025-02-17,client_alpha,camp_105,ag_102172,ad_102172,Holiday Awareness Sprint Ad 2,SHORTS,ENABLED,3023,1844,120,39.12,13
2025-02-17,client_beta,camp_204,ag_202171,ad_202171,Black Friday Teaser Ad 1,SKIPPABLE_IN_STREAM,ENABLED,3048,1859,121,39.92,12
2025-02-17,client_beta,camp_204,ag_202172,ad_202172,Black Friday Teaser Ad 2,SHORTS,ENABLED,3143,1917,125,41.72,13
2025-02-17,client_gamma,camp_305,ag_302171,ad_302171,Festive Reach Expansion Ad 1,SKIPPABLE_IN_STREAM,ENABLED,3168,1932,126,42.52,12
2025-02-17,client_gamma,camp_305,ag_302172,ad_302172,Festive Reach Expansion Ad 2,SHORTS,ENABLED,3263,1990,130,44.32,14
2025-02-17,client_delta,camp_402,ag_402171,ad_402171,Winter Collection Launch Ad 1,SKIPPABLE_IN_STREAM,ENABLED,3288,2005,131,45.12,13
2025-02-17,client_delta,camp_402,ag_402172,ad_402172,Winter Collection Launch Ad 2,SHORTS,ENABLED,3383,2063,135,46.92,14
2025-02-18,client_alpha,camp_105,ag_102181,ad_102181,Holiday Awareness Sprint Ad 1,SKIPPABLE_IN_STREAM,ENABLED,2933,1789,117,37.48,11
2025-02-18,client_alpha,camp_105,ag_102182,ad_102182,Holiday Awareness Sprint Ad 2,SHORTS,ENABLED,3028,1847,121,39.28,13
2025-02-18,client_beta,camp_204,ag_202181,ad_202181,Black Friday Teaser Ad 1,SKIPPABLE_IN_STREAM,ENABLED,3053,1862,122,40.08,12
2025-02-18,client_beta,camp_204,ag_202182,ad_202182,Black Friday Teaser Ad 2,SHORTS,ENABLED,3148,1920,125,41.88,13
2025-02-18,client_gamma,camp_305,ag_302181,ad_302181,Festive Reach Expansion Ad 1,SKIPPABLE_IN_STREAM,ENABLED,3173,1935,126,42.68,12
2025-02-18,client_gamma,camp_305,ag_302182,ad_302182,Festive Reach Expansion Ad 2,SHORTS,ENABLED,3268,1993,130,44.48,14
2025-02-18,client_delta,camp_402,ag_402181,ad_402181,Winter Collection Launch Ad 1,SKIPPABLE_IN_STREAM,ENABLED,3293,2008,131,45.28,13
2025-02-18,client_delta,camp_402,ag_402182,ad_402182,Winter Collection Launch Ad 2,SHORTS,ENABLED,3388,2066,135,47.08,14
2025-02-19,client_alpha,camp_105,ag_102191,ad_102191,Holiday Awareness Sprint Ad 1,SKIPPABLE_IN_STREAM,ENABLED,2938,1792,117,37.64,11
2025-02-19,client_alpha,camp_105,ag_102192,ad_102192,Holiday Awareness Sprint Ad 2,SHORTS,ENABLED,3033,1850,121,39.44,13
2025-02-19,client_beta,camp_204,ag_202191,ad_202191,Black Friday Teaser Ad 1,SKIPPABLE_IN_STREAM,ENABLED,3058,1865,122,40.24,12
2025-02-19,client_beta,camp_204,ag_202192,ad_202192,Black Friday Teaser Ad 2,SHORTS,ENABLED,3153,1923,126,42.04,13
2025-02-19,client_gamma,camp_305,ag_302191,ad_302191,Festive Reach Expansion Ad 1,SKIPPABLE_IN_STREAM,ENABLED,3178,1938,127,42.84,12
2025-02-19,client_gamma,camp_305,ag_302192,ad_302192,Festive Reach Expansion Ad 2,SHORTS,ENABLED,3273,1996,130,44.64,14
2025-02-19,client_delta,camp_402,ag_402191,ad_402191,Winter Collection Launch Ad 1,SKIPPABLE_IN_STREAM,ENABLED,3298,2011,131,45.44,13
2025-02-19,client_delta,camp_402,ag_402192,ad_402192,Winter Collection Launch Ad 2,SHORTS,ENABLED,3393,2069,135,47.24,14
2025-02-20,client_alpha,camp_105,ag_102201,ad_102201,Holiday Awareness Sprint Ad 1,SKIPPABLE_IN_STREAM,ENABLED,2943,1795,117,37.80,11
2025-02-20,client_alpha,camp_105,ag_102202,ad_102202,Holiday Awareness Sprint Ad 2,SHORTS,ENABLED,3038,1853,121,39.60,13
2025-02-20,client_beta,camp_204,ag_202201,ad_202201,Black Friday Teaser Ad 1,SKIPPABLE_IN_STREAM,ENABLED,3063,1868,122,40.40,12
2025-02-20,client_beta,camp_204,ag_202202,ad_202202,Black Friday Teaser Ad 2,SHORTS,ENABLED,3158,1926,126,42.20,13
2025-02-20,client_gamma,camp_305,ag_302201,ad_302201,Festive Reach Expansion Ad 1,SKIPPABLE_IN_STREAM,ENABLED,3183,1941,127,43.00,12
2025-02-20,client_gamma,camp_305,ag_302202,ad_302202,Festive Reach Expansion Ad 2,SHORTS,ENABLED,3278,1999,131,44.80,14
2025-02-20,client_delta,camp_402,ag_402201,ad_402201,Winter Collection Launch Ad 1,SKIPPABLE_IN_STREAM,ENABLED,3303,2014,132,45.60,13
2025-02-20,client_delta,camp_402,ag_402202,ad_402202,Winter Collection Launch Ad 2,SHORTS,ENABLED,3398,2072,135,47.40,14
2025-02-21,client_alpha,camp_105,ag_102211,ad_102211,Holiday Awareness Sprint Ad 1,SKIPPABLE_IN_STREAM,ENABLED,2948,1798,117,37.96,11
2025-02-21,client_alpha,camp_105,ag_102212,ad_102212,Holiday Awareness Sprint Ad 2,SHORTS,ENABLED,3043,1856,121,39.76,13
2025-02-21,client_beta,camp_204,ag_202211,ad_202211,Black Friday Teaser Ad 1,SKIPPABLE_IN_STREAM,ENABLED,3068,1871,122,40.56,12
2025-02-21,client_beta,camp_204,ag_202212,ad_202212,Black Friday Teaser Ad 2,SHORTS,ENABLED,3163,1929,126,42.36,13
2025-02-21,client_gamma,camp_305,ag_302211,ad_302211,Festive Reach Expansion Ad 1,SKIPPABLE_IN_STREAM,ENABLED,3188,1944,127,43.16,12
2025-02-21,client_gamma,camp_305,ag_302212,ad_302212,Festive Reach Expansion Ad 2,SHORTS,ENABLED,3283,2002,131,44.96,14
2025-02-21,client_delta,camp_402,ag_402211,ad_402211,Winter Collection Launch Ad 1,SKIPPABLE_IN_STREAM,ENABLED,3308,2017,132,45.76,13
2025-02-21,client_delta,camp_402,ag_402212,ad_402212,Winter Collection Launch Ad 2,SHORTS,ENABLED,3403,2075,136,47.56,14
2025-02-22,client_alpha,camp_105,ag_102221,ad_102221,Holiday Awareness Sprint Ad 1,SKIPPABLE_IN_STREAM,ENABLED,2953,1801,118,38.12,11
2025-02-22,client_alpha,camp_105,ag_102222,ad_102222,Holiday Awareness Sprint Ad 2,SHORTS,ENABLED,3048,1859,121,39.92,13
2025-02-22,client_beta,camp_204,ag_202221,ad_202221,Black Friday Teaser Ad 1,SKIPPABLE_IN_STREAM,ENABLED,3073,1874,122,40.72,12
2025-02-22,client_beta,camp_204,ag_202222,ad_202222,Black Friday Teaser Ad 2,SHORTS,ENABLED,3168,1932,126,42.52,13
2025-02-22,client_gamma,camp_305,ag_302221,ad_302221,Festive Reach Expansion Ad 1,SKIPPABLE_IN_STREAM,ENABLED,3193,1947,127,43.32,12
2025-02-22,client_gamma,camp_305,ag_302222,ad_302222,Festive Reach Expansion Ad 2,SHORTS,ENABLED,3288,2005,131,45.12,14
2025-02-22,client_delta,camp_402,ag_402221,ad_402221,Winter Collection Launch Ad 1,SKIPPABLE_IN_STREAM,ENABLED,3313,2020,132,45.92,13
2025-02-22,client_delta,camp_402,ag_402222,ad_402222,Winter Collection Launch Ad 2,SHORTS,ENABLED,3408,2078,136,47.72,14
2025-02-23,client_alpha,camp_105,ag_102231,ad_102231,Holiday Awareness Sprint Ad 1,SKIPPABLE_IN_STREAM,ENABLED,2958,1804,118,38.28,11
2025-02-23,client_alpha,camp_105,ag_102232,ad_102232,Holiday Awareness Sprint Ad 2,SHORTS,ENABLED,3053,1862,122,40.08,13
2025-02-23,client_beta,camp_204,ag_202231,ad_202231,Black Friday Teaser Ad 1,SKIPPABLE_IN_STREAM,ENABLED,3078,1877,123,40.88,12
2025-02-23,client_beta,camp_204,ag_202232,ad_202232,Black Friday Teaser Ad 2,SHORTS,ENABLED,3173,1935,126,42.68,13
2025-02-23,client_gamma,camp_305,ag_302231,ad_302231,Festive Reach Expansion Ad 1,SKIPPABLE_IN_STREAM,ENABLED,3198,1950,127,43.48,12
2025-02-23,client_gamma,camp_305,ag_302232,ad_302232,Festive Reach Expansion Ad 2,SHORTS,ENABLED,3293,2008,131,45.28,14
2025-02-23,client_delta,camp_402,ag_402231,ad_402231,Winter Collection Launch Ad 1,SKIPPABLE_IN_STREAM,ENABLED,3318,2023,132,46.08,13
2025-02-23,client_delta,camp_402,ag_402232,ad_402232,Winter Collection Launch Ad 2,SHORTS,ENABLED,3413,2081,136,47.88,14
2025-02-24,client_alpha,camp_105,ag_102241,ad_102241,Holiday Awareness Sprint Ad 1,SKIPPABLE_IN_STREAM,ENABLED,2963,1807,118,38.44,11
2025-02-24,client_alpha,camp_105,ag_102242,ad_102242,Holiday Awareness Sprint Ad 2,SHORTS,ENABLED,3058,1865,122,40.24,13
2025-02-24,client_beta,camp_204,ag_202241,ad_202241,Black Friday Teaser Ad 1,SKIPPABLE_IN_STREAM,ENABLED,3083,1880,123,41.04,12
2025-02-24,client_beta,camp_204,ag_202242,ad_202242,Black Friday Teaser Ad 2,SHORTS,ENABLED,3178,1938,127,42.84,13
2025-02-24,client_gamma,camp_305,ag_302241,ad_302241,Festive Reach Expansion Ad 1,SKIPPABLE_IN_STREAM,ENABLED,3203,1953,128,43.64,12
2025-02-24,client_gamma,camp_305,ag_302242,ad_302242,Festive Reach Expansion Ad 2,SHORTS,ENABLED,3298,2011,131,45.44,14
2025-02-24,client_delta,camp_402,ag_402241,ad_402241,Winter Collection Launch Ad 1,SKIPPABLE_IN_STREAM,ENABLED,3323,2027,132,46.24,13
2025-02-24,client_delta,camp_402,ag_402242,ad_402242,Winter Collection Launch Ad 2,SHORTS,ENABLED,3418,2084,136,48.04,14
2025-02-25,client_alpha,camp_105,ag_102251,ad_102251,Holiday Awareness Sprint Ad 1,SKIPPABLE_IN_STREAM,ENABLED,2968,1810,118,38.60,11
2025-02-25,client_alpha,camp_105,ag_102252,ad_102252,Holiday Awareness Sprint Ad 2,SHORTS,ENABLED,3063,1868,122,40.40,13
2025-02-25,client_beta,camp_204,ag_202251,ad_202251,Black Friday Teaser Ad 1,SKIPPABLE_IN_STREAM,ENABLED,3088,1883,123,41.20,12
2025-02-25,client_beta,camp_204,ag_202252,ad_202252,Black Friday Teaser Ad 2,SHORTS,ENABLED,3183,1941,127,43.00,13
2025-02-25,client_gamma,camp_305,ag_302251,ad_302251,Festive Reach Expansion Ad 1,SKIPPABLE_IN_STREAM,ENABLED,3208,1956,128,43.80,12
2025-02-25,client_gamma,camp_305,ag_302252,ad_302252,Festive Reach Expansion Ad 2,SHORTS,ENABLED,3303,2014,132,45.60,14
2025-02-25,client_delta,camp_402,ag_402251,ad_402251,Winter Collection Launch Ad 1,SKIPPABLE_IN_STREAM,ENABLED,3328,2030,133,46.40,13
2025-02-25,client_delta,camp_402,ag_402252,ad_402252,Winter Collection Launch Ad 2,SHORTS,ENABLED,3423,2088,136,48.20,14
2025-02-26,client_alpha,camp_105,ag_102261,ad_102261,Holiday Awareness Sprint Ad 1,SKIPPABLE_IN_STREAM,ENABLED,2973,1813,118,38.76,11
2025-02-26,client_alpha,camp_105,ag_102262,ad_102262,Holiday Awareness Sprint Ad 2,SHORTS,ENABLED,3068,1871,122,40.56,13
2025-02-26,client_beta,camp_204,ag_202261,ad_202261,Black Friday Teaser Ad 1,SKIPPABLE_IN_STREAM,ENABLED,3093,1886,123,41.36,12
2025-02-26,client_beta,camp_204,ag_202262,ad_202262,Black Friday Teaser Ad 2,SHORTS,ENABLED,3188,1944,127,43.16,13
2025-02-26,client_gamma,camp_305,ag_302261,ad_302261,Festive Reach Expansion Ad 1,SKIPPABLE_IN_STREAM,ENABLED,3213,1959,128,43.96,12
2025-02-26,client_gamma,camp_305,ag_302262,ad_302262,Festive Reach Expansion Ad 2,SHORTS,ENABLED,3308,2017,132,45.76,14
2025-02-26,client_delta,camp_402,ag_402261,ad_402261,Winter Collection Launch Ad 1,SKIPPABLE_IN_STREAM,ENABLED,3333,2033,133,46.56,13
2025-02-26,client_delta,camp_402,ag_402262,ad_402262,Winter Collection Launch Ad 2,SHORTS,ENABLED,3428,2091,137,48.36,15
2025-02-27,client_alpha,camp_105,ag_102271,ad_102271,Holiday Awareness Sprint Ad 1,SKIPPABLE_IN_STREAM,ENABLED,2978,1816,119,38.92,11
2025-02-27,client_alpha,camp_105,ag_102272,ad_102272,Holiday Awareness Sprint Ad 2,SHORTS,ENABLED,3073,1874,122,40.72,13
2025-02-27,client_beta,camp_204,ag_202271,ad_202271,Black Friday Teaser Ad 1,SKIPPABLE_IN_STREAM,ENABLED,3098,1889,123,41.52,12
2025-02-27,client_beta,camp_204,ag_202272,ad_202272,Black Friday Teaser Ad 2,SHORTS,ENABLED,3193,1947,127,43.32,13
2025-02-27,client_gamma,camp_305,ag_302271,ad_302271,Festive Reach Expansion Ad 1,SKIPPABLE_IN_STREAM,ENABLED,3218,1962,128,44.12,12
2025-02-27,client_gamma,camp_305,ag_302272,ad_302272,Festive Reach Expansion Ad 2,SHORTS,ENABLED,3313,2020,132,45.92,14
2025-02-27,client_delta,camp_402,ag_402271,ad_402271,Winter Collection Launch Ad 1,SKIPPABLE_IN_STREAM,ENABLED,3338,2036,133,46.72,13
2025-02-27,client_delta,camp_402,ag_402272,ad_402272,Winter Collection Launch Ad 2,SHORTS,ENABLED,3433,2094,137,48.52,15
2025-02-28,client_alpha,camp_105,ag_102281,ad_102281,Holiday Awareness Sprint Ad 1,SKIPPABLE_IN_STREAM,ENABLED,2983,1819,119,39.08,11
2025-02-28,client_alpha,camp_105,ag_102282,ad_102282,Holiday Awareness Sprint Ad 2,SHORTS,ENABLED,3078,1877,123,40.88,13
2025-02-28,client_beta,camp_204,ag_202281,ad_202281,Black Friday Teaser Ad 1,SKIPPABLE_IN_STREAM,ENABLED,3103,1892,124,41.68,12
2025-02-28,client_beta,camp_204,ag_202282,ad_202282,Black Friday Teaser Ad 2,SHORTS,ENABLED,3198,1950,127,43.48,13
2025-02-28,client_gamma,camp_305,ag_302281,ad_302281,Festive Reach Expansion Ad 1,SKIPPABLE_IN_STREAM,ENABLED,3223,1966,128,44.28,12
2025-02-28,client_gamma,camp_305,ag_302282,ad_302282,Festive Reach Expansion Ad 2,SHORTS,ENABLED,3318,2023,132,46.08,14
2025-02-28,client_delta,camp_402,ag_402281,ad_402281,Winter Collection Launch Ad 1,SKIPPABLE_IN_STREAM,ENABLED,3343,2039,133,46.88,13
2025-02-28,client_delta,camp_402,ag_402282,ad_402282,Winter Collection Launch Ad 2,SHORTS,ENABLED,3438,2097,137,48.68,15
2025-03-01,client_alpha,camp_105,ag_103011,ad_103011,Holiday Awareness Sprint Ad 1,SKIPPABLE_IN_STREAM,ENABLED,2922,1782,116,36.16,11
