date,client_id,account_id,campaign_id,campaign_name,campaign_status,spend,impressions,views,clicks,conversions,view_rate,ctr,avg_cpv,currency
2026-07-01,client_alpha,acc_001,camp_101,Brand Awareness Wave 1,ENABLED,245.50,12000,7200,420,32,0.60,0.035,0.034,USD
2026-07-02,client_alpha,acc_001,camp_101,Brand Awareness Wave 1,ENABLED,260.20,12800,7600,445,36,0.59,0.035,0.034,USD
2026-07-03,client_alpha,acc_001,camp_102,Product Launch Teaser,ENABLED,310.00,14000,8100,510,47,0.58,0.036,0.038,USD
2026-07-04,client_alpha,acc_001,camp_102,Product Launch Teaser,PAUSED,0.00,0,0,0,0,0.00,0.000,0.000,USD
2026-07-05,client_alpha,acc_001,camp_103,Retargeting Hot Leads,ENABLED,190.00,8500,5000,410,55,0.59,0.048,0.038,USD
2026-07-06,client_alpha,acc_001,camp_103,Retargeting Hot Leads,ENABLED,205.75,9100,5450,435,61,0.60,0.048,0.038,USD
2026-07-07,client_alpha,acc_001,camp_104,Summer Promo Burst,ENABLED,420.40,20000,12500,790,73,0.63,0.040,0.034,USD
2026-07-08,client_beta,acc_002,camp_201,Always On Reach,ENABLED,330.60,17000,9700,610,44,0.57,0.036,0.034,USD
2026-07-09,client_beta,acc_002,camp_202,Offer Reminder,ENABLED,295.10,15000,8900,560,52,0.59,0.037,0.033,USD
2026-07-10,client_beta,acc_002,camp_203,Checkout Recovery,ENABLED,355.00,18000,10300,680,70,0.57,0.038,0.034,USD
2026-07-11,client_alpha,acc_001,camp_104,Summer Promo Burst,ENABLED,398.90,19000,11800,760,68,0.62,0.040,0.034,USD
2026-07-01,client_beta,acc_002,camp_201,Always On Reach,ENABLED,305.40,16000,9200,580,41,0.58,0.036,0.033,USD
2026-07-02,client_beta,acc_002,camp_201,Always On Reach,ENABLED,312.10,16500,9400,590,43,0.57,0.036,0.033,USD
2026-07-03,client_beta,acc_002,camp_202,Offer Reminder,ENABLED,280.20,14800,8600,545,48,0.58,0.037,0.033,USD
2026-07-04,client_beta,acc_002,camp_202,Offer Reminder,ENABLED,290.00,15200,8850,552,50,0.58,0.036,0.033,USD
2026-07-05,client_beta,acc_002,camp_203,Checkout Recovery,ENABLED,340.75,17600,10100,660,66,0.57,0.038,0.034,USD
2026-07-06,client_beta,acc_002,camp_203,Checkout Recovery,ENABLED,348.30,17800,10250,670,68,0.58,0.038,0.034,USD
2026-07-07,client_beta,acc_002,camp_201,Always On Reach,ENABLED,325.20,16800,9600,605,45,0.57,0.036,0.034,USD
2026-07-11,client_beta,acc_002,camp_203,Checkout Recovery,ENABLED,360.20,18200,10450,690,72,0.57,0.038,0.034,USD
2026-07-01,client_gamma,acc_003,camp_301,Awareness East Region,ENABLED,210.00,11000,6600,390,29,0.60,0.035,0.032,USD
2026-07-02,client_gamma,acc_003,camp_301,Awareness East Region,ENABLED,218.40,11400,6800,402,31,0.60,0.035,0.032,USD
2026-07-03,client_gamma,acc_003,camp_302,Catalog Spotlight,ENABLED,275.15,13200,7600,488,40,0.58,0.037,0.036,USD
2026-07-04,client_gamma,acc_003,camp_302,Catalog Spotlight,ENABLED,282.90,13600,7900,500,42,0.58,0.037,0.036,USD
2026-07-05,client_gamma,acc_003,camp_303,Retention Pulse,PAUSED,0.00,0,0,0,0,0.00,0.000,0.000,USD
2026-07-06,client_gamma,acc_003,camp_303,Retention Pulse,ENABLED,185.50,8200,4700,365,49,0.57,0.045,0.039,USD
2026-07-07,client_gamma,acc_003,camp_303,Retention Pulse,ENABLED,192.30,8500,4950,378,53,0.58,0.044,0.039,USD
2026-07-08,client_gamma,acc_003,camp_304,Monsoon Promo Push,ENABLED,330.00,17200,10200,640,59,0.59,0.037,0.032,USD
2026-07-09,client_gamma,acc_003,camp_304,Monsoon Promo Push,ENABLED,338.45,17500,10400,652,62,0.59,0.037,0.033,USD
2026-07-10,client_gamma,acc_003,camp_304,Monsoon Promo Push,ENABLED,342.10,17800,10600,665,64,0.60,0.037,0.032,USD
2026-07-11,client_gamma,acc_003,camp_304,Monsoon Promo Push,ENABLED,349.85,18100,10850,678,66,0.60,0.037,0.032,USD
2025-11-01,client_alpha,acc_001,camp_105,Holiday Awareness Sprint,ENABLED,368.40,18500,11200,705,64,0.61,0.038,0.033,USD
2025-11-02,client_alpha,acc_001,camp_105,Holiday Awareness Sprint,ENABLED,372.10,18700,11340,714,66,0.61,0.038,0.033,USD
2025-11-03,client_alpha,acc_001,camp_106,Holiday Conversion Push,ENABLED,421.75,20100,12100,790,81,0.60,0.039,0.035,USD
2025-11-01,client_beta,acc_002,camp_204,Black Friday Teaser,ENABLED,339.60,17100,9800,620,55,0.57,0.036,0.035,USD
2025-11-02,client_beta,acc_002,camp_204,Black Friday Teaser,ENABLED,344.80,17300,9950,635,57,0.58,0.037,0.035,USD
2025-11-03,client_beta,acc_002,camp_205,Weekend Checkout Boost,ENABLED,362.45,18200,10750,688,75,0.59,0.038,0.034,USD
2025-11-01,client_gamma,acc_003,camp_305,Festive Reach Expansion,ENABLED,318.90,16600,9800,612,54,0.59,0.037,0.033,USD
2025-11-02,client_gamma,acc_003,camp_305,Festive Reach Expansion,ENABLED,322.60,16850,9960,620,56,0.59,0.037,0.032,USD
2025-11-03,client_gamma,acc_003,camp_306,Retention Surge,PAUSED,0.00,0,0,0,0,0.00,0.000,0.000,USD
2025-11-01,client_delta,acc_004,camp_401,Winter Collection Launch,ENABLED,287.10,14900,8600,532,49,0.58,0.036,0.033,USD
2025-11-02,client_delta,acc_004,camp_401,Winter Collection Launch,ENABLED,292.35,15150,8750,540,51,0.58,0.036,0.033,USD
2025-11-03,client_delta,acc_004,camp_402,Cart Winback Drive,ENABLED,308.75,15950,9240,598,63,0.58,0.037,0.033,USD
2025-01-01,client_alpha,acc_001,camp_105,Holiday Awareness Sprint,ENABLED,231.00,12220,6843,415,41,0.56,0.034,0.034,USD
2025-01-01,client_beta,acc_002,camp_204,Black Friday Teaser,ENABLED,248.50,12600,7182,441,48,0.57,0.035,0.035,USD
2025-01-01,client_gamma,acc_003,camp_305,Festive Reach Expansion,ENABLED,266.00,12980,7528,467,56,0.58,0.036,0.035,USD
2025-01-01,client_delta,acc_004,camp_402,Winter Collection Launch,ENABLED,283.50,13360,7882,494,64,0.59,0.037,0.036,USD
2025-02-01,client_alpha,acc_001,camp_105,Holiday Awareness Sprint,ENABLED,242.00,12440,6966,422,42,0.56,0.034,0.035,USD
2025-02-01,client_beta,acc_002,camp_204,Black Friday Teaser,ENABLED,259.50,12820,7307,448,49,0.57,0.035,0.036,USD
2025-02-01,client_gamma,acc_003,camp_305,Festive Reach Expansion,ENABLED,277.00,13200,7656,475,57,0.58,0.036,0.036,USD
2025-02-01,client_delta,acc_004,camp_402,Winter Collection Launch,ENABLED,294.50,13580,8012,502,65,0.59,0.037,0.037,USD
2025-03-01,client_alpha,acc_001,camp_105,Holiday Awareness Sprint,ENABLED,253.00,12660,7089,430,43,0.56,0.034,0.036,USD
2025-03-01,client_beta,acc_002,camp_204,Black Friday Teaser,ENABLED,270.50,13040,7432,456,50,0.57,0.035,0.036,USD
2025-03-01,client_gamma,acc_003,camp_305,Festive Reach Expansion,ENABLED,288.00,13420,7783,483,57,0.58,0.036,0.037,USD
2025-03-01,client_delta,acc_004,camp_402,Winter Collection Launch,ENABLED,305.50,13800,8142,510,66,0.59,0.037,0.038,USD
2025-04-01,client_alpha,acc_001,camp_105,Holiday Awareness Sprint,ENABLED,264.00,12880,7212,437,43,0.56,0.034,0.037,USD
2025-04-01,client_beta,acc_002,camp_204,Black Friday Teaser,ENABLED,281.50,13260,7558,464,51,0.57,0.035,0.037,USD
2025-04-01,client_gamma,acc_003,camp_305,Festive Reach Expansion,ENABLED,299.00,13640,7911,491,58,0.58,0.036,0.038,USD
2025-04-01,client_delta,acc_004,camp_402,Winter Collection Launch,ENABLED,316.50,14020,8271,518,67,0.59,0.037,0.038,USD
2025-05-01,client_alpha,acc_001,camp_105,Holiday Awareness Sprint,ENABLED,275.00,13100,7336,445,44,0.56,0.034,0.037,USD
2025-05-01,client_beta,acc_002,camp_204,Black Friday Teaser,ENABLED,292.50,13480,7683,471,51,0.57,0.035,0.038,USD
2025-05-01,client_gamma,acc_003,camp_305,Festive Reach Expansion,ENABLED,310.00,13860,8038,498,59,0.58,0.036,0.039,USD
2025-05-01,client_delta,acc_004,camp_402,Winter Collection Launch,ENABLED,327.50,14240,8401,526,68,0.59,0.037,0.039,USD
2025-06-01,client_alpha,acc_001,camp_105,Holiday Awareness Sprint,ENABLED,286.00,13320,7459,452,45,0.56,0.034,0.038,USD
2025-06-01,client_beta,acc_002,camp_204,Black Friday Teaser,ENABLED,303.50,13700,7809,479,52,0.57,0.035,0.039,USD
2025-06-01,client_gamma,acc_003,camp_305,Festive Reach Expansion,ENABLED,321.00,14080,8166,506,60,0.58,0.036,0.039,USD
2025-06-01,client_delta,acc_004,camp_402,Winter Collection Launch,ENABLED,338.50,14460,8531,535,69,0.59,0.037,0.040,USD
2025-07-01,client_alpha,acc_001,camp_105,Holiday Awareness Sprint,ENABLED,297.00,13540,7582,460,46,0.56,0.034,0.039,USD
2025-07-01,client_beta,acc_002,camp_204,Black Friday Teaser,ENABLED,314.50,13920,7934,487,53,0.57,0.035,0.040,USD
2025-07-01,client_gamma,acc_003,camp_305,Festive Reach Expansion,ENABLED,332.00,14300,8294,514,61,0.58,0.036,0.040,USD
2025-07-01,client_delta,acc_004,camp_402,Winter Collection Launch,ENABLED,349.50,14680,8661,543,70,0.59,0.037,0.040,USD
2025-08-01,client_alpha,acc_001,camp_105,Holiday Awareness Sprint,ENABLED,308.00,13760,7705,467,46,0.56,0.034,0.040,USD
2025-08-01,client_beta,acc_002,camp_204,Black Friday Teaser,ENABLED,325.50,14140,8059,494,54,0.57,0.035,0.040,USD
2025-08-01,client_gamma,acc_003,camp_305,Festive Reach Expansion,ENABLED,343.00,14520,8421,522,62,0.58,0.036,0.041,USD
2025-08-01,client_delta,acc_004,camp_402,Winter Collection Launch,ENABLED,360.50,14900,8791,551,71,0.59,0.037,0.041,USD
2025-09-01,client_alpha,acc_001,camp_105,Holiday Awareness Sprint,ENABLED,319.00,13980,7828,475,47,0.56,0.034,0.041,USD
2025-09-01,client_beta,acc_002,camp_204,Black Friday Teaser,ENABLED,336.50,14360,8185,502,55,0.57,0.035,0.041,USD
2025-09-01,client_gamma,acc_003,camp_305,Festive Reach Expansion,ENABLED,354.00,14740,8549,530,63,0.58,0.036,0.041,USD
2025-09-01,client_delta,acc_004,camp_402,Winter Collection Launch,ENABLED,371.50,15120,8920,559,72,0.59,0.037,0.042,USD
2025-10-01,client_alpha,acc_001,camp_105,Holiday Awareness Sprint,ENABLED,330.00,14200,7952,482,48,0.56,0.034,0.041,USD
2025-10-01,client_beta,acc_002,camp_204,Black Friday Teaser,ENABLED,347.50,14580,8310,510,56,0.57,0.035,0.042,USD
2025-10-01,client_gamma,acc_003,camp_305,Festive Reach Expansion,ENABLED,365.00,14960,8676,538,64,0.58,0.036,0.042,USD
2025-10-01,client_delta,acc_004,camp_402,Winter Collection Launch,ENABLED,382.50,15340,9050,567,73,0.59,0.037,0.042,USD
2025-12-01,client_alpha,acc_001,camp_105,Holiday Awareness Sprint,ENABLED,352.00,14640,8198,497,49,0.56,0.034,0.043,USD
2025-12-01,client_beta,acc_002,camp_204,Black Friday Teaser,ENABLED,369.50,15020,8561,525,57,0.57,0.035,0.043,USD
2025-12-01,client_gamma,acc_003,camp_305,Festive Reach Expansion,ENABLED,387.00,15400,8932,554,66,0.58,0.036,0.043,USD
2025-12-01,client_delta,acc_004,camp_402,Winter Collection Launch,ENABLED,404.50,15780,9310,583,75,0.59,0.037,0.043,USD
2025-01-02,client_alpha,acc_001,camp_105,Holiday Awareness Sprint,ENABLED,201.10,10234,5731,337,33,0.56,0.033,0.035,USD
2025-01-02,client_beta,acc_002,camp_204,Black Friday Teaser,ENABLED,216.10,10654,6072,362,39,0.57,0.034,0.036,USD
2025-01-02,client_gamma,acc_003,camp_305,Festive Reach Expansion,ENABLED,231.10,11074,6422,387,46,0.58,0.035,0.036,USD
2025-01-02,client_delta,acc_004,camp_402,Winter Collection Launch,ENABLED,246.10,11494,6781,413,53,0.59,0.036,0.036,USD
2025-01-03,client_alpha,acc_001,camp_105,Holiday Awareness Sprint,ENABLED,201.90,10246,5737,338,33,0.56,0.033,0.035,USD
2025-01-03,client_beta,acc_002,camp_204,Black Friday Teaser,ENABLED,216.90,10666,6079,362,39,0.57,0.034,0.036,USD
2025-01-03,client_gamma,acc_003,camp_305,Festive Reach Expansion,ENABLED,231.90,11086,6429,388,46,0.58,0.035,0.036,USD
2025-01-03,client_delta,acc_004,camp_402,Winter Collection Launch,ENABLED,246.90,11506,6788,414,53,0.59,0.036,0.036,USD
2025-01-04,client_alpha,acc_001,camp_105,Holiday Awareness Sprint,ENABLED,202.70,10258,5744,338,33,0.56,0.033,0.035,USD
2025-01-04,client_beta,acc_002,camp_204,Black Friday Teaser,ENABLED,217.70,10678,6086,363,39,0.57,0.034,0.036,USD
2025-01-04,client_gamma,acc_003,camp_305,Festive Reach Expansion,ENABLED,232.70,11098,6436,388,46,0.58,0.035,0.036,USD
2025-01-04,client_delta,acc_004,camp_402,Winter Collection Launch,ENABLED,247.70,11518,6795,414,53,0.59,0.036,0.036,USD
2025-01-05,client_alpha,acc_001,camp_105,Holiday Awareness Sprint,ENABLED,203.50,10270,5751,338,33,0.56,0.033,0.035,USD
2025-01-05,client_beta,acc_002,camp_204,Black Friday Teaser,ENABLED,218.50,10690,6093,363,39,0.57,0.034,0.036,USD
2025-01-05,client_gamma,acc_003,camp_305,Festive Reach Expansion,ENABLED,233.50,11110,6443,388,46,0.58,0.035,0.036,USD
2025-01-05,client_delta,acc_004,camp_402,Winter Collection Launch,ENABLED,248.50,11530,6802,415,53,0.59,0.036,0.037,USD
2025-01-06,client_alpha,acc_001,camp_105,Holiday Awareness Sprint,ENABLED,204.30,10282,5757,339,33,0.56,0.033,0.035,USD
2025-01-06,client_beta,acc_002,camp_204,Black Friday Teaser,ENABLED,219.30,10702,6100,363,39,0.57,0.034,0.036,USD
2025-01-06,client_gamma,acc_003,camp_305,Festive Reach Expansion,ENABLED,234.30,11122,6450,389,46,0.58,0.035,0.036,USD
2025-01-06,client_delta,acc_004,camp_402,Winter Collection Launch,ENABLED,249.30,11542,6809,415,53,0.59,0.036,0.037,USD
2025-01-07,client_alpha,acc_001,camp_105,Holiday Awareness Sprint,ENABLED,205.10,10294,5764,339,33,0.56,0.033,0.036,USD
2025-01-07,client_beta,acc_002,camp_204,Black Friday Teaser,ENABLED,220.10,10714,6106,364,40,0.57,0.034,0.036,USD
2025-01-07,client_gamma,acc_003,camp_305,Festive Reach Expansion,ENABLED,235.10,11134,6457,389,46,0.58,0.035,0.036,USD
2025-01-07,client_delta,acc_004,camp_402,Winter Collection Launch,ENABLED,250.10,11554,6816,415,53,0.59,0.036,0.037,USD
2025-01-08,client_alpha,acc_001,camp_105,Holiday Awareness Sprint,ENABLED,205.90,10306,5771,340,34,0.56,0.033,0.036,USD
2025-01-08,client_beta,acc_002,camp_204,Black Friday Teaser,ENABLED,220.90,10726,6113,364,40,0.57,0.034,0.036,USD
2025-01-08,client_gamma,acc_003,camp_305,Festive Reach Expansion,ENABLED,235.90,11146,6464,390,46,0.58,0.035,0.036,USD
2025-01-08,client_delta,acc_004,camp_402,Winter Collection Launch,ENABLED,250.90,11566,6823,416,54,0.59,0.036,0.037,USD
2025-01-09,client_alpha,acc_001,camp_105,Holiday Awareness Sprint,ENABLED,206.70,10318,5778,340,34,0.56,0.033,0.036,USD
2025-01-09,client_beta,acc_002,camp_204,Black Friday Teaser,ENABLED,221.70,10738,6120,365,40,0.57,0.034,0.036,USD
2025-01-09,client_gamma,acc_003,camp_305,Festive Reach Expansion,ENABLED,236.70,11158,6471,390,46,0.58,0.035,0.037,USD
2025-01-09,client_delta,acc_004,camp_402,Winter Collection Launch,ENABLED,251.70,11578,6831,416,54,0.59,0.036,0.037,USD
2025-01-10,client_alpha,acc_001,camp_105,Holiday Awareness Sprint,ENABLED,207.50,10330,5784,340,34,0.56,0.033,0.036,USD
2025-01-10,client_beta,acc_002,camp_204,Black Friday Teaser,ENABLED,222.50,10750,6127,365,40,0.57,0.034,0.036,USD
2025-01-10,client_gamma,acc_003,camp_305,Festive Reach Expansion,ENABLED,237.50,11170,6478,390,46,0.58,0.035,0.037,USD
2025-01-10,client_delta,acc_004,camp_402,Winter Collection Launch,ENABLED,252.50,11590,6838,417,54,0.59,0.036,0.037,USD
2025-01-11,client_alpha,acc_001,camp_105,Holiday Awareness Sprint,ENABLED,208.30,10342,5791,341,34,0.56,0.033,0.036,USD
2025-01-11,client_beta,acc_002,camp_204,Black Friday Teaser,ENABLED,223.30,10762,6134,365,40,0.57,0.034,0.036,USD
2025-01-11,client_gamma,acc_003,camp_305,Festive Reach Expansion,ENABLED,238.30,11182,6485,391,46,0.58,0.035,0.037,USD
2025-01-11,client_delta,acc_004,camp_402,Winter Collection Launch,ENABLED,253.30,11602,6845,417,54,0.59,0.036,0.037,USD
2025-01-12,client_alpha,acc_001,camp_105,Holiday Awareness Sprint,ENABLED,209.10,10354,5798,341,34,0.56,0.033,0.036,USD
2025-01-12,client_beta,acc_002,camp_204,Black Friday Teaser,ENABLED,224.10,10774,6141,366,40,0.57,0.034,0.036,USD
2025-01-12,client_gamma,acc_003,camp_305,Festive Reach Expansion,ENABLED,239.10,11194,6492,391,46,0.58,0.035,0.037,USD
2025-01-12,client_delta,acc_004,camp_402,Winter Collection Launch,ENABLED,254.10,11614,6852,418,54,0.59,0.036,0.037,USD
2025-01-13,client_alpha,acc_001,camp_105,Holiday Awareness Sprint,ENABLED,209.90,10366,5804,342,34,0.56,0.033,0.036,USD
2025-01-13,client_beta,acc_002,camp_204,Black Friday Teaser,ENABLED,224.90,10786,6148,366,40,0.57,0.034,0.037,USD
2025-01-13,client_gamma,acc_003,camp_305,Festive Reach Expansion,ENABLED,239.90,11206,6499,392,47,0.58,0.035,0.037,USD
2025-01-13,client_delta,acc_004,camp_402,Winter Collection Launch,ENABLED,254.90,11626,6859,418,54,0.59,0.036,0.037,USD
2025-01-14,client_alpha,acc_001,camp_105,Holiday Awareness Sprint,ENABLED,210.70,10378,5811,342,34,0.56,0.033,0.036,USD
2025-01-14,client_beta,acc_002,camp_204,Black Friday Teaser,ENABLED,225.70,10798,6154,367,40,0.57,0.034,0.037,USD
2025-01-14,client_gamma,acc_003,camp_305,Festive Reach Expansion,ENABLED,240.70,11218,6506,392,47,0.58,0.035,0.037,USD
2025-01-14,client_delta,acc_004,camp_402,Winter Collection Launch,ENABLED,255.70,11638,6866,418,54,0.59,0.036,0.037,USD
2025-01-15,client_alpha,acc_001,camp_105,Holiday Awareness Sprint,ENABLED,211.50,10390,5818,342,34,0.56,0.033,0.036,USD
2025-01-15,client_beta,acc_002,camp_204,Black Friday Teaser,ENABLED,226.50,10810,6161,367,40,0.57,0.034,0.037,USD
2025-01-15,client_gamma,acc_003,camp_305,Festive Reach Expansion,ENABLED,241.50,11230,6513,393,47,0.58,0.035,0.037,USD
2025-01-15,client_delta,acc_004,camp_402,Winter Collection Launch,ENABLED,256.50,11650,6873,419,54,0.59,0.036,0.037,USD
2025-01-16,client_alpha,acc_001,camp_105,Holiday Awareness Sprint,ENABLED,212.30,10402,5825,343,34,0.56,0.033,0.036,USD
2025-01-16,client_beta,acc_002,camp_204,Black Friday Teaser,ENABLED,227.30,10822,6168,367,40,0.57,0.034,0.037,USD
2025-01-16,client_gamma,acc_003,camp_305,Festive Reach Expansion,ENABLED,242.30,11242,6520,393,47,0.58,0.035,0.037,USD
2025-01-16,client_delta,acc_004,camp_402,Winter Collection Launch,ENABLED,257.30,11662,6880,419,54,0.59,0.036,0.037,USD
2025-01-17,client_alpha,acc_001,camp_105,Holiday Awareness Sprint,ENABLED,213.10,10414,5831,343,34,0.56,0.033,0.037,USD
2025-01-17,client_beta,acc_002,camp_204,Black Friday Teaser,ENABLED,228.10,10834,6175,368,40,0.57,0.034,0.037,USD
2025-01-17,client_gamma,acc_003,camp_305,Festive Reach Expansion,ENABLED,243.10,11254,6527,393,47,0.58,0.035,0.037,USD
2025-01-17,client_delta,acc_004,camp_402,Winter Collection Launch,ENABLED,258.10,11674,6887,420,54,0.59,0.036,0.037,USD
2025-01-18,client_alpha,acc_001,camp_105,Holiday Awareness Sprint,ENABLED,213.90,10426,5838,344,34,0.56,0.033,0.037,USD
2025-01-18,client_beta,acc_002,camp_204,Black Friday Teaser,ENABLED,228.90,10846,6182,368,40,0.57,0.034,0.037,USD
2025-01-18,client_gamma,acc_003,camp_305,Festive Reach Expansion,ENABLED,243.90,11266,6534,394,47,0.58,0.035,0.037,USD
2025-01-18,client_delta,acc_004,camp_402,Winter Collection Launch,ENABLED,258.90,11686,6894,420,54,0.59,0.036,0.038,USD
2025-01-19,client_alpha,acc_001,camp_105,Holiday Awareness Sprint,ENABLED,214.70,10438,5845,344,34,0.56,0.033,0.037,USD
2025-01-19,client_beta,acc_002,camp_204,Black Friday Teaser,ENABLED,229.70,10858,6189,369,40,0.57,0.034,0.037,USD
2025-01-19,client_gamma,acc_003,camp_305,Festive Reach Expansion,ENABLED,244.70,11278,6541,394,47,0.58,0.035,0.037,USD
2025-01-19,client_delta,acc_004,camp_402,Winter Collection Launch,ENABLED,259.70,11698,6901,421,54,0.59,0.036,0.038,USD
2025-01-20,client_alpha,acc_001,camp_105,Holiday Awareness Sprint,ENABLED,215.50,10450,5852,344,34,0.56,0.033,0.037,USD
2025-01-20,client_beta,acc_002,camp_204,Black Friday Teaser,ENABLED,230.50,10870,6195,369,40,0.57,0.034,0.037,USD
2025-01-20,client_gamma,acc_003,camp_305,Festive Reach Expansion,ENABLED,245.50,11290,6548,395,47,0.58,0.035,0.037,USD
2025-01-20,client_delta,acc_004,camp_402,Winter Collection Launch,ENABLED,260.50,11710,6908,421,54,0.59,0.036,0.038,USD
2025-01-21,client_alpha,acc_001,camp_105,Holiday Awareness Sprint,ENABLED,216.30,10462,5858,345,34,0.56,0.033,0.037,USD
2025-01-21,client_beta,acc_002,camp_204,Black Friday Teaser,ENABLED,231.30,10882,6202,369,40,0.57,0.034,0.037,USD
2025-01-21,client_gamma,acc_003,camp_305,Festive Reach Expansion,ENABLED,246.30,11302,6555,395,47,0.58,0.035,0.038,USD
2025-01-21,client_delta,acc_004,camp_402,Winter Collection Launch,ENABLED,261.30,11722,6915,421,54,0.59,0.036,0.038,USD
2025-01-22,client_alpha,acc_001,camp_105,Holiday Awareness Sprint,ENABLED,217.10,10474,5865,345,34,0.56,0.033,0.037,USD
2025-01-22,client_beta,acc_002,camp_204,Black Friday Teaser,ENABLED,232.10,10894,6209,370,40,0.57,0.034,0.037,USD
2025-01-22,client_gamma,acc_003,camp_305,Festive Reach Expansion,ENABLED,247.10,11314,6562,395,47,0.58,0.035,0.038,USD
2025-01-22,client_delta,acc_004,camp_402,Winter Collection Launch,ENABLED,262.10,11734,6923,422,54,0.59,0.036,0.038,USD
2025-01-23,client_alpha,acc_001,camp_105,Holiday Awareness Sprint,ENABLED,217.90,10486,5872,346,34,0.56,0.033,0.037,USD
2025-01-23,client_beta,acc_002,camp_204,Black Friday Teaser,ENABLED,232.90,10906,6216,370,40,0.57,0.034,0.037,USD
2025-01-23,client_gamma,acc_003,camp_305,Festive Reach Expansion,ENABLED,247.90,11326,6569,396,47,0.58,0.035,0.038,USD
2025-01-23,client_delta,acc_004,camp_402,Winter Collection Launch,ENABLED,262.90,11746,6930,422,54,0.59,0.036,0.038,USD
2025-01-24,client_alpha,acc_001,camp_105,Holiday Awareness Sprint,ENABLED,218.70,10498,5878,346,34,0.56,0.033,0.037,USD
2025-01-24,client_beta,acc_002,camp_204,Black Friday Teaser,ENABLED,233.70,10918,6223,371,40,0.57,0.034,0.038,USD
2025-01-24,client_gamma,acc_003,camp_305,Festive Reach Expansion,ENABLED,248.70,11338,6576,396,47,0.58,0.035,0.038,USD
2025-01-24,client_delta,acc_004,camp_402,Winter Collection Launch,ENABLED,263.70,11758,6937,423,54,0.59,0.036,0.038,USD
2025-01-25,client_alpha,acc_001,camp_105,Holiday Awareness Sprint,ENABLED,219.50,10510,5885,346,34,0.56,0.033,0.037,USD
2025-01-25,client_beta,acc_002,camp_204,Black Friday Teaser,ENABLED,234.50,10930,6230,371,40,0.57,0.034,0.038,USD
2025-01-25,client_gamma,acc_003,camp_305,Festive Reach Expansion,ENABLED,249.50,11350,6583,397,47,0.58,0.035,0.038,USD
2025-01-25,client_delta,acc_004,camp_402,Winter Collection Launch,ENABLED,264.50,11770,6944,423,54,0.59,0.036,0.038,USD
2025-01-26,client_alpha,acc_001,camp_105,Holiday Awareness Sprint,ENABLED,220.30,10522,5892,347,34,0.56,0.033,0.037,USD
2025-01-26,client_beta,acc_002,camp_204,Black Friday Teaser,ENABLED,235.30,10942,6236,372,40,0.57,0.034,0.038,USD
2025-01-26,client_gamma,acc_003,camp_305,Festive Reach Expansion,ENABLED,250.30,11362,6589,397,47,0.58,0.035,0.038,USD
2025-01-26,client_delta,acc_004,camp_402,Winter Collection Launch,ENABLED,265.30,11782,6951,424,55,0.59,0.036,0.038,USD
2025-01-27,client_alpha,acc_001,camp_105,Holiday Awareness Sprint,ENABLED,221.10,10534,5899,347,34,0.56,0.033,0.037,USD
2025-01-27,client_beta,acc_002,camp_204,Black Friday Teaser,ENABLED,236.10,10954,6243,372,40,0.57,0.034,0.038,USD
2025-01-27,client_gamma,acc_003,camp_305,Festive Reach Expansion,ENABLED,251.10,11374,6596,398,47,0.58,0.035,0.038,USD
2025-01-27,client_delta,acc_004,camp_402,Winter Collection Launch,ENABLED,266.10,11794,6958,424,55,0.59,0.036,0.038,USD
2025-01-28,client_alpha,acc_001,camp_105,Holiday Awareness Sprint,ENABLED,221.90,10546,5905,348,34,0.56,0.033,0.038,USD
2025-01-28,client_beta,acc_002,camp_204,Black Friday Teaser,ENABLED,236.90,10966,6250,372,40,0.57,0.034,0.038,USD
2025-01-28,client_gamma,acc_003,camp_305,Festive Reach Expansion,ENABLED,251.90,11386,6603,398,47,0.58,0.035,0.038,USD
2025-01-28,client_delta,acc_004,camp_402,Winter Collection Launch,ENABLED,266.90,11806,6965,425,55,0.59,0.036,0.038,USD
2025-01-29,client_alpha,acc_001,camp_105,Holiday Awareness Sprint,ENABLED,222.70,10558,5912,348,34,0.56,0.033,0.038,USD
2025-01-29,client_beta,acc_002,camp_204,Black Friday Teaser,ENABLED,237.70,10978,6257,373,41,0.57,0.034,0.038,USD
2025-01-29,client_gamma,acc_003,camp_305,Festive Reach Expansion,ENABLED,252.70,11398,6610,398,47,0.58,0.035,0.038,USD
2025-01-29,client_delta,acc_004,camp_402,Winter Collection Launch,ENABLED,267.70,11818,6972,425,55,0.59,0.036,0.038,USD
2025-01-30,client_alpha,acc_001,camp_105,Holiday Awareness Sprint,ENABLED,223.50,10570,5919,348,34,0.56,0.033,0.038,USD
2025-01-30,client_beta,acc_002,camp_204,Black Friday Teaser,ENABLED,238.50,10990,6264,373,41,0.57,0.034,0.038,USD
2025-01-30,client_gamma,acc_003,camp_305,Festive Reach Expansion,ENABLED,253.50,11410,6617,399,47,0.58,0.035,0.038,USD
2025-01-30,client_delta,acc_004,camp_402,Winter Collection Launch,ENABLED,268.50,11830,6979,425,55,0.59,0.036,0.038,USD
2025-01-31,client_alpha,acc_001,camp_105,Holiday Awareness Sprint,ENABLED,224.30,10582,5925,349,34,0.56,0.033,0.038,USD
2025-01-31,client_beta,acc_002,camp_204,Black Friday Teaser,ENABLED,239.30,11002,6271,374,41,0.57,0.034,0.038,USD
2025-01-31,client_gamma,acc_003,camp_305,Festive Reach Expansion,ENABLED,254.30,11422,6624,399,47,0.58,0.035,0.038,USD
2025-01-31,client_delta,acc_004,camp_402,Winter Collection Launch,ENABLED,269.30,11842,6986,426,55,0.59,0.036,0.039,USD
2025-02-02,client_alpha,acc_001,camp_105,Holiday Awareness Sprint,ENABLED,210.60,10444,5848,344,34,0.56,0.033,0.036,USD
2025-02-02,client_beta,acc_002,camp_204,Black Friday Teaser,ENABLED,225.60,10864,6192,369,40,0.57,0.034,0.036,USD
2025-02-02,client_gamma,acc_003,camp_305,Festive Reach Expansion,ENABLED,240.60,11284,6544,394,47,0.58,0.035,0.037,USD
2025-02-02,client_delta,acc_004,camp_402,Winter Collection Launch,ENABLED,255.60,11704,6905,421,54,0.59,0.036,0.037,USD
2025-02-03,client_alpha,acc_001,camp_105,Holiday Awareness Sprint,ENABLED,211.40,10456,5855,345,34,0.56,0.033,0.036,USD
2025-02-03,client_beta,acc_002,camp_204,Black Friday Teaser,ENABLED,226.40,10876,6199,369,40,0.57,0.034,0.037,USD
2025-02-03,client_gamma,acc_003,camp_305,Festive Reach Expansion,ENABLED,241.40,11296,6551,395,47,0.58,0.035,0.037,USD
2025-02-03,client_delta,acc_004,camp_402,Winter Collection Launch,ENABLED,256.40,11716,6912,421,54,0.59,0.036,0.037,USD
2025-02-04,client_alpha,acc_001,camp_105,Holiday Awareness Sprint,ENABLED,212.20,10468,5862,345,34,0.56,0.033,0.036,USD
2025-02-04,client_beta,acc_002,camp_204,Black Friday Teaser,ENABLED,227.20,10888,6206,370,40,0.57,0.034,0.037,USD
2025-02-04,client_gamma,acc_003,camp_305,Festive Reach Expansion,ENABLED,242.20,11308,6558,395,47,0.58,0.035,0.037,USD
2025-02-04,client_delta,acc_004,camp_402,Winter Collection Launch,ENABLED,257.20,11728,6919,422,54,0.59,0.036,0.037,USD
2025-02-05,client_alpha,acc_001,camp_105,Holiday Awareness Sprint,ENABLED,213.00,10480,5868,345,34,0.56,0.033,0.036,USD
2025-02-05,client_beta,acc_002,camp_204,Black Friday Teaser,ENABLED,228.00,10900,6213,370,40,0.57,0.034,0.037,USD
2025-02-05,client_gamma,acc_003,camp_305,Festive Reach Expansion,ENABLED,243.00,11320,6565,396,47,0.58,0.035,0.037,USD
2025-02-05,client_delta,acc_004,camp_402,Winter Collection Launch,ENABLED,258.00,11740,6926,422,54,0.59,0.036,0.037,USD
2025-02-06,client_alpha,acc_001,camp_105,Holiday Awareness Sprint,ENABLED,213.80,10492,5875,346,34,0.56,0.033,0.036,USD
2025-02-06,client_beta,acc_002,camp_204,Black Friday Teaser,ENABLED,228.80,10912,6219,371,40,0.57,0.034,0.037,USD
2025-02-06,client_gamma,acc_003,camp_305,Festive Reach Expansion,ENABLED,243.80,11332,6572,396,47,0.58,0.035,0.037,USD
2025-02-06,client_delta,acc_004,camp_402,Winter Collection Launch,ENABLED,258.80,11752,6933,423,54,0.59,0.036,0.037,USD
2025-02-07,client_alpha,acc_001,camp_105,Holiday Awareness Sprint,ENABLED,214.60,10504,5882,346,34,0.56,0.033,0.036,USD
2025-02-07,client_beta,acc_002,camp_204,Black Friday Teaser,ENABLED,229.60,10924,6226,371,40,0.57,0.034,0.037,USD
2025-02-07,client_gamma,acc_003,camp_305,Festive Reach Expansion,ENABLED,244.60,11344,6579,397,47,0.58,0.035,0.037,USD
2025-02-07,client_delta,acc_004,camp_402,Winter Collection Launch,ENABLED,259.60,11764,6940,423,54,0.59,0.036,0.037,USD
2025-02-08,client_alpha,acc_001,camp_105,Holiday Awareness Sprint,ENABLED,215.40,10516,5888,347,34,0.56,0.033,0.037,USD
2025-02-08,client_beta,acc_002,camp_204,Black Friday Teaser,ENABLED,230.40,10936,6233,371,40,0.57,0.034,0.037,USD
2025-02-08,client_gamma,acc_003,camp_305,Festive Reach Expansion,ENABLED,245.40,11356,6586,397,47,0.58,0.035,0.037,USD
2025-02-08,client_delta,acc_004,camp_402,Winter Collection Launch,ENABLED,260.40,11776,6947,423,54,0.59,0.036,0.037,USD
2025-02-09,client_alpha,acc_001,camp_105,Holiday Awareness Sprint,ENABLED,216.20,10528,5895,347,34,0.56,0.033,0.037,USD
2025-02-09,client_beta,acc_002,camp_204,Black Friday Teaser,ENABLED,231.20,10948,6240,372,40,0.57,0.034,0.037,USD
2025-02-09,client_gamma,acc_003,camp_305,Festive Reach Expansion,ENABLED,246.20,11368,6593,397,47,0.58,0.035,0.037,USD
2025-02-09,client_delta,acc_004,camp_402,Winter Collection Launch,ENABLED,261.20,11788,6954,424,55,0.59,0.036,0.038,USD
2025-02-10,client_alpha,acc_001,camp_105,Holiday Awareness Sprint,ENABLED,217.00,10540,5902,347,34,0.56,0.033,0.037,USD
2025-02-10,client_beta,acc_002,camp_204,Black Friday Teaser,ENABLED,232.00,10960,6247,372,40,0.57,0.034,0.037,USD
2025-02-10,client_gamma,acc_003,camp_305,Festive Reach Expansion,ENABLED,247.00,11380,6600,398,47,0.58,0.035,0.037,USD
2025-02-10,client_delta,acc_004,camp_402,Winter Collection Launch,ENABLED,262.00,11800,6962,424,55,0.59,0.036,0.038,USD
2025-02-11,client_alpha,acc_001,camp_105,Holiday Awareness Sprint,ENABLED,217.80,10552,5909,348,34,0.56,0.033,0.037,USD
2025-02-11,client_beta,acc_002,camp_204,Black Friday Teaser,ENABLED,232.80,10972,6254,373,41,0.57,0.034,0.037,USD
2025-02-11,client_gamma,acc_003,camp_305,Festive Reach Expansion,ENABLED,247.80,11392,6607,398,47,0.58,0.035,0.038,USD
2025-02-11,client_delta,acc_004,camp_402,Winter Collection Launch,ENABLED,262.80,11812,6969,425,55,0.59,0.036,0.038,USD
2025-02-12,client_alpha,acc_001,camp_105,Holiday Awareness Sprint,ENABLED,218.60,10564,5915,348,34,0.56,0.033,0.037,USD
2025-02-12,client_beta,acc_002,camp_204,Black Friday Teaser,ENABLED,233.60,10984,6260,373,41,0.57,0.034,0.037,USD
2025-02-12,client_gamma,acc_003,camp_305,Festive Reach Expansion,ENABLED,248.60,11404,6614,399,47,0.58,0.035,0.038,USD
2025-02-12,client_delta,acc_004,camp_402,Winter Collection Launch,ENABLED,263.60,11824,6976,425,55,0.59,0.036,0.038,USD
2025-02-13,client_alpha,acc_001,camp_105,Holiday Awareness Sprint,ENABLED,219.40,10576,5922,349,34,0.56,0.033,0.037,USD
2025-02-13,client_beta,acc_002,camp_204,Black Friday Teaser,ENABLED,234.40,10996,6267,373,41,0.57,0.034,0.037,USD
2025-02-13,client_gamma,acc_003,camp_305,Festive Reach Expansion,ENABLED,249.40,11416,6621,399,47,0.58,0.035,0.038,USD
2025-02-13,client_delta,acc_004,camp_402,Winter Collection Launch,ENABLED,264.40,11836,6983,426,55,0.59,0.036,0.038,USD
2025-02-14,client_alpha,acc_001,camp_105,Holiday Awareness Sprint,ENABLED,220.20,10588,5929,349,34,0.56,0.033,0.037,USD
2025-02-14,client_beta,acc_002,camp_204,Black Friday Teaser,ENABLED,235.20,11008,6274,374,41,0.57,0.034,0.037,USD
2025-02-14,client_gamma,acc_003,camp_305,Festive Reach Expansion,ENABLED,250.20,11428,6628,399,47,0.58,0.035,0.038,USD
2025-02-14,client_delta,acc_004,camp_402,Winter Collection Launch,ENABLED,265.20,11848,6990,426,55,0.59,0.036,0.038,USD
2025-02-15,client_alpha,acc_001,camp_105,Holiday Awareness Sprint,ENABLED,221.00,10600,5936,349,34,0.56,0.033,0.037,USD
2025-02-15,client_beta,acc_002,camp_204,Black Friday Teaser,ENABLED,236.00,11020,6281,374,41,0.57,0.034,0.038,USD
2025-02-15,client_gamma,acc_003,camp_305,Festive Reach Expansion,ENABLED,251.00,11440,6635,400,48,0.58,0.035,0.038,USD
2025-02-15,client_delta,acc_004,camp_402,Winter Collection Launch,ENABLED,266.00,11860,6997,426,55,0.59,0.036,0.038,USD
2025-02-16,client_alpha,acc_001,camp_105,Holiday Awareness Sprint,ENABLED,221.80,10612,5942,350,35,0.56,0.033,0.037,USD
2025-02-16,client_beta,acc_002,camp_204,Black Friday Teaser,ENABLED,236.80,11032,6288,375,41,0.57,0.034,0.038,USD
2025-02-16,client_gamma,acc_003,camp_305,Festive Reach Expansion,ENABLED,251.80,11452,6642,400,48,0.58,0.035,0.038,USD
2025-02-16,client_delta,acc_004,camp_402,Winter Collection Launch,ENABLED,266.80,11872,7004,427,55,0.59,0.036,0.038,USD
2025-02-17,client_alpha,acc_001,camp_105,Holiday Awareness Sprint,ENABLED,222.60,10624,5949,350,35,0.56,0.033,0.037,USD
2025-02-17,client_beta,acc_002,camp_204,Black Friday Teaser,ENABLED,237.60,11044,6295,375,41,0.57,0.034,0.038,USD
2025-02-17,client_gamma,acc_003,camp_305,Festive Reach Expansion,ENABLED,252.60,11464,6649,401,48,0.58,0.035,0.038,USD
2025-02-17,client_delta,acc_004,camp_402,Winter Collection Launch,ENABLED,267.60,11884,7011,427,55,0.59,0.036,0.038,USD
2025-02-18,client_alpha,acc_001,camp_105,Holiday Awareness Sprint,ENABLED,223.40,10636,5956,350,35,0.56,0.033,0.038,USD
2025-02-18,client_beta,acc_002,camp_204,Black Friday Teaser,ENABLED,238.40,11056,6301,375,41,0.57,0.034,0.038,USD
2025-02-18,client_gamma,acc_003,camp_305,Festive Reach Expansion,ENABLED,253.40,11476,6656,401,48,0.58,0.035,0.038,USD
2025-02-18,client_delta,acc_004,camp_402,Winter Collection Launch,ENABLED,268.40,11896,7018,428,55,0.59,0.036,0.038,USD
2025-02-19,client_alpha,acc_001,camp_105,Holiday Awareness Sprint,ENABLED,224.20,10648,5962,351,35,0.56,0.033,0.038,USD
2025-02-19,client_beta,acc_002,camp_204,Black Friday Teaser,ENABLED,239.20,11068,6308,376,41,0.57,0.034,0.038,USD
2025-02-19,client_gamma,acc_003,camp_305,Festive Reach Expansion,ENABLED,254.20,11488,6663,402,48,0.58,0.035,0.038,USD
2025-02-19,client_delta,acc_004,camp_402,Winter Collection Launch,ENABLED,269.20,11908,7025,428,55,0.59,0.036,0.038,USD
2025-02-20,client_alpha,acc_001,camp_105,Holiday Awareness Sprint,ENABLED,225.00,10660,5969,351,35,0.56,0.033,0.038,USD
2025-02-20,client_beta,acc_002,camp_204,Black Friday Teaser,ENABLED,240.00,11080,6315,376,41,0.57,0.034,0.038,USD
2025-02-20,client_gamma,acc_003,camp_305,Festive Reach Expansion,ENABLED,255.00,11500,6670,402,48,0.58,0.035,0.038,USD
2025-02-20,client_delta,acc_004,camp_402,Winter Collection Launch,ENABLED,270.00,11920,7032,429,55,0.59,0.036,0.038,USD
2025-02-21,client_alpha,acc_001,camp_105,Holiday Awareness Sprint,ENABLED,225.80,10672,5976,352,35,0.56,0.033,0.038,USD
2025-02-21,client_beta,acc_002,camp_204,Black Friday Teaser,ENABLED,240.80,11092,6322,377,41,0.57,0.034,0.038,USD
2025-02-21,client_gamma,acc_003,camp_305,Festive Reach Expansion,ENABLED,255.80,11512,6676,402,48,0.58,0.035,0.038,USD
2025-02-21,client_delta,acc_004,camp_402,Winter Collection Launch,ENABLED,270.80,11932,7039,429,55,0.59,0.036,0.038,USD
2025-02-22,client_alpha,acc_001,camp_105,Holiday Awareness Sprint,ENABLED,226.60,10684,5983,352,35,0.56,0.033,0.038,USD
2025-02-22,client_beta,acc_002,camp_204,Black Friday Teaser,ENABLED,241.60,11104,6329,377,41,0.57,0.034,0.038,USD
2025-02-22,client_gamma,acc_003,camp_305,Festive Reach Expansion,ENABLED,256.60,11524,6683,403,48,0.58,0.035,0.038,USD
2025-02-22,client_delta,acc_004,camp_402,Winter Collection Launch,ENABLED,271.60,11944,7046,429,55,0.59,0.036,0.039,USD
2025-02-23,client_alpha,acc_001,camp_105,Holiday Awareness Sprint,ENABLED,227.40,10696,5989,352,35,0.56,0.033,0.038,USD
2025-02-23,client_beta,acc_002,camp_204,Black Friday Teaser,ENABLED,242.40,11116,6336,377,41,0.57,0.034,0.038,USD
2025-02-23,client_gamma,acc_003,camp_305,Festive Reach Expansion,ENABLED,257.40,11536,6690,403,48,0.58,0.035,0.038,USD
2025-02-23,client_delta,acc_004,camp_402,Winter Collection Launch,ENABLED,272.40,11956,7054,430,55,0.59,0.036,0.039,USD
2025-02-24,client_alpha,acc_001,camp_105,Holiday Awareness Sprint,ENABLED,228.20,10708,5996,353,35,0.56,0.033,0.038,USD
2025-02-24,client_beta,acc_002,camp_204,Black Friday Teaser,ENABLED,243.20,11128,6342,378,41,0.57,0.034,0.038,USD
2025-02-24,client_gamma,acc_003,camp_305,Festive Reach Expansion,ENABLED,258.20,11548,6697,404,48,0.58,0.035,0.039,USD
2025-02-24,client_delta,acc_004,camp_402,Winter Collection Launch,ENABLED,273.20,11968,7061,430,55,0.59,0.036,0.039,USD
2025-02-25,client_alpha,acc_001,camp_105,Holiday Awareness Sprint,ENABLED,229.00,10720,6003,353,35,0.56,0.033,0.038,USD
2025-02-25,client_beta,acc_002,camp_204,Black Friday Teaser,ENABLED,244.00,11140,6349,378,41,0.57,0.034,0.038,USD
2025-02-25,client_gamma,acc_003,camp_305,Festive Reach Expansion,ENABLED,259.00,11560,6704,404,48,0.58,0.035,0.039,USD
2025-02-25,client_delta,acc_004,camp_402,Winter Collection Launch,ENABLED,274.00,11980,7068,431,56,0.59,0.036,0.039,USD
2025-02-26,client_alpha,acc_001,camp_105,Holiday Awareness Sprint,ENABLED,229.80,10732,6009,354,35,0.56,0.033,0.038,USD
2025-02-26,client_beta,acc_002,camp_204,Black Friday Teaser,ENABLED,244.80,11152,6356,379,41,0.57,0.034,0.039,USD
2025-02-26,client_gamma,acc_003,camp_305,Festive Reach Expansion,ENABLED,259.80,11572,6711,405,48,0.58,0.035,0.039,USD
2025-02-26,client_delta,acc_004,camp_402,Winter Collection Launch,ENABLED,274.80,11992,7075,431,56,0.59,0.036,0.039,USD
2025-02-27,client_alpha,acc_001,camp_105,Holiday Awareness Sprint,ENABLED,230.60,10744,6016,354,35,0.56,0.033,0.038,USD
2025-02-27,client_beta,acc_002,camp_204,Black Friday Teaser,ENABLED,245.60,11164,6363,379,41,0.57,0.034,0.039,USD
2025-02-27,client_gamma,acc_003,camp_305,Festive Reach Expansion,ENABLED,260.60,11584,6718,405,48,0.58,0.035,0.039,USD
2025-02-27,client_delta,acc_004,camp_402,Winter Collection Launch,ENABLED,275.60,12004,7082,432,56,0.59,0.036,0.039,USD
2025-02-28,client_alpha,acc_001,camp_105,Holiday Awareness Sprint,ENABLED,231.40,10756,6023,354,35,0.56,0.033,0.038,USD
2025-02-28,client_beta,acc_002,camp_204,Black Friday Teaser,ENABLED,246.40,11176,6370,379,41,0.57,0.034,0.039,USD
2025-02-28,client_gamma,acc_003,camp_305,Festive Reach Expansion,ENABLED,261.40,11596,6725,405,48,0.58,0.035,0.039,USD
2025-02-28,client_delta,acc_004,camp_402,Winter Collection Launch,ENABLED,276.40,12016,7089,432,56,0.59,0.036,0.039,USD
2025-03-02,client_alpha,acc_001,camp_105,Holiday Awareness Sprint,ENABLED,220.10,10654,5966,351,35,0.56,0.033,0.037,USD
2025-03-02,client_beta,acc_002,camp_204,Black Friday Teaser,ENABLED,235.10,11074,6312,376,41,0.57,0.034,0.037,USD
2025-03-02,client_gamma,acc_003,camp_305,Festive Reach Expansion,ENABLED,250.10,11494,6666,402,48,0.58,0.035,0.038,USD
2025-03-02,client_delta,acc_004,camp_402,Winter Collection Launch,ENABLED,265.10,11914,7029,428,55,0.59,0.036,0.038,USD
2025-03-03,client_alpha,acc_001,camp_105,Holiday Awareness Sprint,ENABLED,220.90,10666,5972,351,35,0.56,0.033,0.037,USD
2025-03-03,client_beta,acc_002,camp_204,Black Friday Teaser,ENABLED,235.90,11086,6319,376,41,0.57,0.034,0.037,USD
2025-03-03,client_gamma,acc_003,camp_305,Festive Reach Expansion,ENABLED,250.90,11506,6673,402,48,0.58,0.035,0.038,USD
2025-03-03,client_delta,acc_004,camp_402,Winter Collection Launch,ENABLED,265.90,11926,7036,429,55,0.59,0.036,0.038,USD
2025-03-04,client_alpha,acc_001,camp_105,Holiday Awareness Sprint,ENABLED,221.70,10678,5979,352,35,0.56,0.033,0.037,USD
2025-03-04,client_beta,acc_002,camp_204,Black Friday Teaser,ENABLED,236.70,11098,6325,377,41,0.57,0.034,0.037,USD
2025-03-04,client_gamma,acc_003,camp_305,Festive Reach Expansion,ENABLED,251.70,11518,6680,403,48,0.58,0.035,0.038,USD
2025-03-04,client_delta,acc_004,camp_402,Winter Collection Launch,ENABLED,266.70,11938,7043,429,55,0.59,0.036,0.038,USD
2025-03-05,client_alpha,acc_001,camp_105,Holiday Awareness Sprint,ENABLED,222.50,10690,5986,352,35,0.56,0.033,0.037,USD
2025-03-05,client_beta,acc_002,camp_204,Black Friday Teaser,ENABLED,237.50,11110,6332,377,41,0.57,0.034,0.038,USD
2025-03-05,client_gamma,acc_003,camp_305,Festive Reach Expansion,ENABLED,252.50,11530,6687,403,48,0.58,0.035,0.038,USD
2025-03-05,client_delta,acc_004,camp_402,Winter Collection Launch,ENABLED,267.50,11950,7050,430,55,0.59,0.036,0.038,USD
2025-03-06,client_alpha,acc_001,camp_105,Holiday Awareness Sprint,ENABLED,223.30,10702,5993,353,35,0.56,0.033,0.037,USD
2025-03-06,client_beta,acc_002,camp_204,Black Friday Teaser,ENABLED,238.30,11122,6339,378,41,0.57,0.034,0.038,USD
2025-03-06,client_gamma,acc_003,camp_305,Festive Reach Expansion,ENABLED,253.30,11542,6694,403,48,0.58,0.035,0.038,USD
2025-03-06,client_delta,acc_004,camp_402,Winter Collection Launch,ENABLED,268.30,11962,7057,430,55,0.59,0.036,0.038,USD
2025-03-07,client_alpha,acc_001,camp_105,Holiday Awareness Sprint,ENABLED,224.10,10714,5999,353,35,0.56,0.033,0.037,USD
2025-03-07,client_beta,acc_002,camp_204,Black Friday Teaser,ENABLED,239.10,11134,6346,378,41,0.57,0.034,0.038,USD
2025-03-07,client_gamma,acc_003,camp_305,Festive Reach Expansion,ENABLED,254.10,11554,6701,404,48,0.58,0.035,0.038,USD
2025-03-07,client_delta,acc_004,camp_402,Winter Collection Launch,ENABLED,269.10,11974,7064,431,56,0.59,0.036,0.038,USD
2025-03-08,client_alpha,acc_001,camp_105,Holiday Awareness Sprint,ENABLED,224.90,10726,6006,353,35,0.56,0.033,0.037,USD
2025-03-08,client_beta,acc_002,camp_204,Black Friday Teaser,ENABLED,239.90,11146,6353,378,41,0.57,0.034,0.038,USD
2025-03-08,client_gamma,acc_003,camp_305,Festive Reach Expansion,ENABLED,254.90,11566,6708,404,48,0.58,0.035,0.038,USD
2025-03-08,client_delta,acc_004,camp_402,Winter Collection Launch,ENABLED,269.90,11986,7071,431,56,0.59,0.036,0.038,USD
2025-03-09,client_alpha,acc_001,camp_105,Holiday Awareness Sprint,ENABLED,225.70,10738,6013,354,35,0.56,0.033,0.038,USD
2025-03-09,client_beta,acc_002,camp_204,Black Friday Teaser,ENABLED,240.70,11158,6360,379,41,0.57,0.034,0.038,USD
2025-03-09,client_gamma,acc_003,camp_305,Festive Reach Expansion,ENABLED,255.70,11578,6715,405,48,0.58,0.035,0.038,USD
2025-03-09,client_delta,acc_004,camp_402,Winter Collection Launch,ENABLED,270.70,11998,7078,431,56,0.59,0.036,0.038,USD
2025-03-10,client_alpha,acc_001,camp_105,Holiday Awareness Sprint,ENABLED,226.50,10750,6020,354,35,0.56,0.033,0.038,USD
2025-03-10,client_beta,acc_002,camp_204,Black Friday Teaser,ENABLED,241.50,11170,6366,379,41,0.57,0.034,0.038,USD
2025-03-10,client_gamma,acc_003,camp_305,Festive Reach Expansion,ENABLED,256.50,11590,6722,405,48,0.58,0.035,0.038,USD
2025-03-10,client_delta,acc_004,camp_402,Winter Collection Launch,ENABLED,271.50,12010,7085,432,56,0.59,0.036,0.038,USD
2025-03-11,client_alpha,acc_001,camp_105,Holiday Awareness Sprint,ENABLED,227.30,10762,6026,355,35,0.56,0.033,0.038,USD
2025-03-11,client_beta,acc_002,camp_204,Black Friday Teaser,ENABLED,242.30,11182,6373,380,41,0.57,0.034,0.038,USD
2025-03-11,client_gamma,acc_003,camp_305,Festive Reach Expansion,ENABLED,257.30,11602,6729,406,48,0.58,0.035,0.038,USD
2025-03-11,client_delta,acc_004,camp_402,Winter Collection Launch,ENABLED,272.30,12022,7092,432,56,0.59,0.036,0.038,USD
2025-03-12,client_alpha,acc_001,camp_105,Holiday Awareness Sprint,ENABLED,228.10,10774,6033,355,35,0.56,0.033,0.038,USD
2025-03-12,client_beta,acc_002,camp_204,Black Friday Teaser,ENABLED,243.10,11194,6380,380,41,0.57,0.034,0.038,USD
2025-03-12,client_gamma,acc_003,camp_305,Festive Reach Expansion,ENABLED,258.10,11614,6736,406,48,0.58,0.035,0.038,USD
2025-03-12,client_delta,acc_004,camp_402,Winter Collection Launch,ENABLED,273.10,12034,7100,433,56,0.59,0.036,0.038,USD
2025-03-13,client_alpha,acc_001,camp_105,Holiday Awareness Sprint,ENABLED,228.90,10786,6040,355,35,0.56,0.033,0.038,USD
2025-03-13,client_beta,acc_002,camp_204,Black Friday Teaser,ENABLED,243.90,11206,6387,381,41,0.57,0.034,0.038,USD
2025-03-13,client_gamma,acc_003,camp_305,Festive Reach Expansion,ENABLED,258.90,11626,6743,406,48,0.58,0.035,0.038,USD
2025-03-13,client_delta,acc_004,camp_402,Winter Collection Launch,ENABLED,273.90,12046,7107,433,56,0.59,0.036,0.039,USD
2025-03-14,client_alpha,acc_001,camp_105,Holiday Awareness Sprint,ENABLED,229.70,10798,6046,356,35,0.56,0.033,0.038,USD
2025-03-14,client_beta,acc_002,camp_204,Black Friday Teaser,ENABLED,244.70,11218,6394,381,41,0.57,0.034,0.038,USD
2025-03-14,client_gamma,acc_003,camp_305,Festive Reach Expansion,ENABLED,259.70,11638,6750,407,48,0.58,0.035,0.038,USD
2025-03-14,client_delta,acc_004,camp_402,Winter Collection Launch,ENABLED,274.70,12058,7114,434,56,0.59,0.036,0.039,USD
2025-03-15,client_alpha,acc_001,camp_105,Holiday Awareness Sprint,ENABLED,230.50,10810,6053,356,35,0.56,0.033,0.038,USD
2025-03-15,client_beta,acc_002,camp_204,Black Friday Teaser,ENABLED,245.50,11230,6401,381,41,0.57,0.034,0.038,USD
2025-03-15,client_gamma,acc_003,camp_305,Festive Reach Expansion,ENABLED,260.50,11650,6757,407,48,0.58,0.035,0.039,USD
2025-03-15,client_delta,acc_004,camp_402,Winter Collection Launch,ENABLED,275.50,12070,7121,434,56,0.59,0.036,0.039,USD
2025-03-16,client_alpha,acc_001,camp_105,Holiday Awareness Sprint,ENABLED,231.30,10822,6060,357,35,0.56,0.033,0.038,USD
2025-03-16,client_beta,acc_002,camp_204,Black Friday Teaser,ENABLED,246.30,11242,6407,382,42,0.57,0.034,0.038,USD
2025-03-16,client_gamma,acc_003,camp_305,Festive Reach Expansion,ENABLED,261.30,11662,6763,408,48,0.58,0.035,0.039,USD
2025-03-16,client_delta,acc_004,camp_402,Winter Collection Launch,ENABLED,276.30,12082,7128,434,56,0.59,0.036,0.039,USD
2025-03-17,client_alpha,acc_001,camp_105,Holiday Awareness Sprint,ENABLED,232.10,10834,6067,357,35,0.56,0.033,0.038,USD
2025-03-17,client_beta,acc_002,camp_204,Black Friday Teaser,ENABLED,247.10,11254,6414,382,42,0.57,0.034,0.039,USD
2025-03-17,client_gamma,acc_003,camp_305,Festive Reach Expansion,ENABLED,262.10,11674,6770,408,48,0.58,0.035,0.039,USD
2025-03-17,client_delta,acc_004,camp_402,Winter Collection Launch,ENABLED,277.10,12094,7135,435,56,0.59,0.036,0.039,USD
2025-03-18,client_alpha,acc_001,camp_105,Holiday Awareness Sprint,ENABLED,232.90,10846,6073,357,35,0.56,0.033,0.038,USD
2025-03-18,client_beta,acc_002,camp_204,Black Friday Teaser,ENABLED,247.90,11266,6421,383,42,0.57,0.034,0.039,USD
2025-03-18,client_gamma,acc_003,camp_305,Festive Reach Expansion,ENABLED,262.90,11686,6777,409,49,0.58,0.035,0.039,USD
2025-03-18,client_delta,acc_004,camp_402,Winter Collection Launch,ENABLED,277.90,12106,7142,435,56,0.59,0.036,0.039,USD
2025-03-19,client_alpha,acc_001,camp_105,Holiday Awareness Sprint,ENABLED,233.70,10858,6080,358,35,0.56,0.033,0.038,USD
2025-03-19,client_beta,acc_002,camp_204,Black Friday Teaser,ENABLED,248.70,11278,6428,383,42,0.57,0.034,0.039,USD
2025-03-19,client_gamma,acc_003,camp_305,Festive Reach Expansion,ENABLED,263.70,11698,6784,409,49,0.58,0.035,0.039,USD
2025-03-19,client_delta,acc_004,camp_402,Winter Collection Launch,ENABLED,278.70,12118,7149,436,56,0.59,0.036,0.039,USD
2025-03-20,client_alpha,acc_001,camp_105,Holiday Awareness Sprint,ENABLED,234.50,10870,6087,358,35,0.56,0.033,0.039,USD
2025-03-20,client_beta,acc_002,camp_204,Black Friday Teaser,ENABLED,249.50,11290,6435,383,42,0.57,0.034,0.039,USD
2025-03-20,client_gamma,acc_003,camp_305,Festive Reach Expansion,ENABLED,264.50,11710,6791,409,49,0.58,0.035,0.039,USD
2025-03-20,client_delta,acc_004,camp_402,Winter Collection Launch,ENABLED,279.50,12130,7156,436,56,0.59,0.036,0.039,USD
2025-03-21,client_alpha,acc_001,camp_105,Holiday Awareness Sprint,ENABLED,235.30,10882,6093,359,35,0.56,0.033,0.039,USD
2025-03-21,client_beta,acc_002,camp_204,Black Friday Teaser,ENABLED,250.30,11302,6442,384,42,0.57,0.034,0.039,USD
2025-03-21,client_gamma,acc_003,camp_305,Festive Reach Expansion,ENABLED,265.30,11722,6798,410,49,0.58,0.035,0.039,USD
2025-03-21,client_delta,acc_004,camp_402,Winter Collection Launch,ENABLED,280.30,12142,7163,437,56,0.59,0.036,0.039,USD
2025-03-22,client_alpha,acc_001,camp_105,Holiday Awareness Sprint,ENABLED,236.10,10894,6100,359,35,0.56,0.033,0.039,USD
2025-03-22,client_beta,acc_002,camp_204,Black Friday Teaser,ENABLED,251.10,11314,6448,384,42,0.57,0.034,0.039,USD
2025-03-22,client_gamma,acc_003,camp_305,Festive Reach Expansion,ENABLED,266.10,11734,6805,410,49,0.58,0.035,0.039,USD
2025-03-22,client_delta,acc_004,camp_402,Winter Collection Launch,ENABLED,281.10,12154,7170,437,56,0.59,0.036,0.039,USD
2025-03-23,client_alpha,acc_001,camp_105,Holiday Awareness Sprint,ENABLED,236.90,10906,6107,359,35,0.56,0.033,0.039,USD
2025-03-23,client_beta,acc_002,camp_204,Black Friday Teaser,ENABLED,251.90,11326,6455,385,42,0.57,0.034,0.039,USD
2025-03-23,client_gamma,acc_003,camp_305,Festive Reach Expansion,ENABLED,266.90,11746,6812,411,49,0.58,0.035,0.039,USD
2025-03-23,client_delta,acc_004,camp_402,Winter Collection Launch,ENABLED,281.90,12166,7177,437,56,0.59,0.036,0.039,USD
2025-03-24,client_alpha,acc_001,camp_105,Holiday Awareness Sprint,ENABLED,237.70,10918,6114,360,36,0.56,0.033,0.039,USD
2025-03-24,client_beta,acc_002,camp_204,Black Friday Teaser,ENABLED,252.70,11338,6462,385,42,0.57,0.034,0.039,USD
2025-03-24,client_gamma,acc_003,camp_305,Festive Reach Expansion,ENABLED,267.70,11758,6819,411,49,0.58,0.035,0.039,USD
2025-03-24,client_delta,acc_004,camp_402,Winter Collection Launch,ENABLED,282.70,12178,7185,438,56,0.59,0.036,0.039,USD
2025-03-25,client_alpha,acc_001,camp_105,Holiday Awareness Sprint,ENABLED,238.50,10930,6120,360,36,0.56,0.033,0.039,USD
2025-03-25,client_beta,acc_002,camp_204,Black Friday Teaser,ENABLED,253.50,11350,6469,385,42,0.57,0.034,0.039,USD
2025-03-25,client_gamma,acc_003,camp_305,Festive Reach Expansion,ENABLED,268.50,11770,6826,411,49,0.58,0.035,0.039,USD
2025-03-25,client_delta,acc_004,camp_402,Winter Collection Launch,ENABLED,283.50,12190,7192,438,56,0.59,0.036,0.039,USD
2025-03-26,client_alpha,acc_001,camp_105,Holiday Awareness Sprint,ENABLED,239.30,10942,6127,361,36,0.56,0.033,0.039,USD
2025-03-26,client_beta,acc_002,camp_204,Black Friday Teaser,ENABLED,254.30,11362,6476,386,42,0.57,0.034,0.039,USD
2025-03-26,client_gamma,acc_003,camp_305,Festive Reach Expansion,ENABLED,269.30,11782,6833,412,49,0.58,0.035,0.039,USD
2025-03-26,client_delta,acc_004,camp_402,Winter Collection Launch,ENABLED,284.30,12202,7199,439,57,0.59,0.036,0.039,USD
2025-03-27,client_alpha,acc_001,camp_105,Holiday Awareness Sprint,ENABLED,240.10,10954,6134,361,36,0.56,0.033,0.039,USD
2025-03-27,client_beta,acc_002,camp_204,Black Friday Teaser,ENABLED,255.10,11374,6483,386,42,0.57,0.034,0.039,USD
2025-03-27,client_gamma,acc_003,camp_305,Festive Reach Expansion,ENABLED,270.10,11794,6840,412,49,0.58,0.035,0.039,USD
2025-03-27,client_delta,acc_004,camp_402,Winter Collection Launch,ENABLED,285.10,12214,7206,439,57,0.59,0.036,0.040,USD
2025-03-28,client_alpha,acc_001,camp_105,Holiday Awareness Sprint,ENABLED,240.90,10966,6140,361,36,0.56,0.033,0.039,USD
2025-03-28,client_beta,acc_002,camp_204,Black Friday Teaser,ENABLED,255.90,11386,6490,387,42,0.57,0.034,0.039,USD
2025-03-28,client_gamma,acc_003,camp_305,Festive Reach Expansion,ENABLED,270.90,11806,6847,413,49,0.58,0.035,0.040,USD
2025-03-28,client_delta,acc_004,camp_402,Winter Collection Launch,ENABLED,285.90,12226,7213,440,57,0.59,0.036,0.040,USD
2025-03-29,client_alpha,acc_001,camp_105,Holiday Awareness Sprint,ENABLED,241.70,10978,6147,362,36,0.56,0.033,0.039,USD
2025-03-29,client_beta,acc_002,camp_204,Black Friday Teaser,ENABLED,256.70,11398,6496,387,42,0.57,0.034,0.040,USD
2025-03-29,client_gamma,acc_003,camp_305,Festive Reach Expansion,ENABLED,271.70,11818,6854,413,49,0.58,0.035,0.040,USD
2025-03-29,client_delta,acc_004,camp_402,Winter Collection Launch,ENABLED,286.70,12238,7220,440,57,0.59,0.036,0.040,USD
2025-03-30,client_alpha,acc_001,camp_105,Holiday Awareness Sprint,ENABLED,242.50,10990,6154,362,36,0.56,0.033,0.039,USD
2025-03-30,client_beta,acc_002,camp_204,Black Friday Teaser,ENABLED,257.50,11410,6503,387,42,0.57,0.034,0.040,USD
2025-03-30,client_gamma,acc_003,camp_305,Festive Reach Expansion,ENABLED,272.50,11830,6861,414,49,0.58,0.035,0.040,USD
2025-03-30,client_delta,acc_004,camp_402,Winter Collection Launch,ENABLED,287.50,12250,7227,441,57,0.59,0.036,0.040,USD
2025-03-31,client_alpha,acc_001,camp_105,Holiday Awareness Sprint,ENABLED,243.30,11002,6161,363,36,0.56,0.033,0.039,USD
2025-03-31,client_beta,acc_002,camp_204,Black Friday Teaser,ENABLED,258.30,11422,6510,388,42,0.57,0.034,0.040,USD
2025-03-31,client_gamma,acc_003,camp_305,Festive Reach Expansion,ENABLED,273.30,11842,6868,414,49,0.58,0.035,0.040,USD
2025-03-31,client_delta,acc_004,camp_402,Winter Collection Launch,ENABLED,288.30,12262,7234,441,57,0.59,0.036,0.040,USD
2025-04-02,client_alpha,acc_001,camp_105,Holiday Awareness Sprint,ENABLED,229.60,10864,6083,358,35,0.56,0.033,0.038,USD
2025-04-02,client_beta,acc_002,camp_204,Black Friday Teaser,ENABLED,244.60,11284,6431,383,42,0.57,0.034,0.038,USD
2025-04-02,client_gamma,acc_003,camp_305,Festive Reach Expansion,ENABLED,259.60,11704,6788,409,49,0.58,0.035,0.038,USD
2025-04-02,client_delta,acc_004,camp_402,Winter Collection Launch,ENABLED,274.60,12124,7153,436,56,0.59,0.036,0.038,USD
2025-04-03,client_alpha,acc_001,camp_105,Holiday Awareness Sprint,ENABLED,230.40,10876,6090,358,35,0.56,0.033,0.038,USD
2025-04-03,client_beta,acc_002,camp_204,Black Friday Teaser,ENABLED,245.40,11296,6438,384,42,0.57,0.034,0.038,USD
2025-04-03,client_gamma,acc_003,camp_305,Festive Reach Expansion,ENABLED,260.40,11716,6795,410,49,0.58,0.035,0.038,USD
2025-04-03,client_delta,acc_004,camp_402,Winter Collection Launch,ENABLED,275.40,12136,7160,436,56,0.59,0.036,0.038,USD
2025-04-04,client_alpha,acc_001,camp_105,Holiday Awareness Sprint,ENABLED,231.20,10888,6097,359,35,0.56,0.033,0.038,USD
2025-04-04,client_beta,acc_002,camp_204,Black Friday Teaser,ENABLED,246.20,11308,6445,384,42,0.57,0.034,0.038,USD
2025-04-04,client_gamma,acc_003,camp_305,Festive Reach Expansion,ENABLED,261.20,11728,6802,410,49,0.58,0.035,0.038,USD
2025-04-04,client_delta,acc_004,camp_402,Winter Collection Launch,ENABLED,276.20,12148,7167,437,56,0.59,0.036,0.039,USD
2025-04-05,client_alpha,acc_001,camp_105,Holiday Awareness Sprint,ENABLED,232.00,10900,6104,359,35,0.56,0.033,0.038,USD
2025-04-05,client_beta,acc_002,camp_204,Black Friday Teaser,ENABLED,247.00,11320,6452,384,42,0.57,0.034,0.038,USD
2025-04-05,client_gamma,acc_003,camp_305,Festive Reach Expansion,ENABLED,262.00,11740,6809,410,49,0.58,0.035,0.038,USD
2025-04-05,client_delta,acc_004,camp_402,Winter Collection Launch,ENABLED,277.00,12160,7174,437,56,0.59,0.036,0.039,USD
2025-04-06,client_alpha,acc_001,camp_105,Holiday Awareness Sprint,ENABLED,232.80,10912,6110,360,36,0.56,0.033,0.038,USD
2025-04-06,client_beta,acc_002,camp_204,Black Friday Teaser,ENABLED,247.80,11332,6459,385,42,0.57,0.034,0.038,USD
2025-04-06,client_gamma,acc_003,camp_305,Festive Reach Expansion,ENABLED,262.80,11752,6816,411,49,0.58,0.035,0.039,USD
2025-04-06,client_delta,acc_004,camp_402,Winter Collection Launch,ENABLED,277.80,12172,7181,438,56,0.59,0.036,0.039,USD
2025-04-07,client_alpha,acc_001,camp_105,Holiday Awareness Sprint,ENABLED,233.60,10924,6117,360,36,0.56,0.033,0.038,USD
2025-04-07,client_beta,acc_002,camp_204,Black Friday Teaser,ENABLED,248.60,11344,6466,385,42,0.57,0.034,0.038,USD
2025-04-07,client_gamma,acc_003,camp_305,Festive Reach Expansion,ENABLED,263.60,11764,6823,411,49,0.58,0.035,0.039,USD
2025-04-07,client_delta,acc_004,camp_402,Winter Collection Launch,ENABLED,278.60,12184,7188,438,56,0.59,0.036,0.039,USD
2025-04-08,client_alpha,acc_001,camp_105,Holiday Awareness Sprint,ENABLED,234.40,10936,6124,360,36,0.56,0.033,0.038,USD
2025-04-08,client_beta,acc_002,camp_204,Black Friday Teaser,ENABLED,249.40,11356,6472,386,42,0.57,0.034,0.039,USD
2025-04-08,client_gamma,acc_003,camp_305,Festive Reach Expansion,ENABLED,264.40,11776,6830,412,49,0.58,0.035,0.039,USD
2025-04-08,client_delta,acc_004,camp_402,Winter Collection Launch,ENABLED,279.40,12196,7195,439,57,0.59,0.036,0.039,USD
2025-04-09,client_alpha,acc_001,camp_105,Holiday Awareness Sprint,ENABLED,235.20,10948,6130,361,36,0.56,0.033,0.038,USD
2025-04-09,client_beta,acc_002,camp_204,Black Friday Teaser,ENABLED,250.20,11368,6479,386,42,0.57,0.034,0.039,USD
2025-04-09,client_gamma,acc_003,camp_305,Festive Reach Expansion,ENABLED,265.20,11788,6837,412,49,0.58,0.035,0.039,USD
2025-04-09,client_delta,acc_004,camp_402,Winter Collection Launch,ENABLED,280.20,12208,7202,439,57,0.59,0.036,0.039,USD
2025-04-10,client_alpha,acc_001,camp_105,Holiday Awareness Sprint,ENABLED,236.00,10960,6137,361,36,0.56,0.033,0.038,USD
2025-04-10,client_beta,acc_002,camp_204,Black Friday Teaser,ENABLED,251.00,11380,6486,386,42,0.57,0.034,0.039,USD
2025-04-10,client_gamma,acc_003,camp_305,Festive Reach Expansion,ENABLED,266.00,11800,6844,413,49,0.58,0.035,0.039,USD
2025-04-10,client_delta,acc_004,camp_402,Winter Collection Launch,ENABLED,281.00,12220,7209,439,57,0.59,0.036,0.039,USD
2025-04-11,client_alpha,acc_001,camp_105,Holiday Awareness Sprint,ENABLED,236.80,10972,6144,362,36,0.56,0.033,0.039,USD
2025-04-11,client_beta,acc_002,camp_204,Black Friday Teaser,ENABLED,251.80,11392,6493,387,42,0.57,0.034,0.039,USD
2025-04-11,client_gamma,acc_003,camp_305,Festive Reach Expansion,ENABLED,266.80,11812,6850,413,49,0.58,0.035,0.039,USD
