date,client_id,campaign_id,placement_type,impressions,views,clicks,spend
2026-07-07,client_alpha,camp_104,IN_STREAM,9500,6100,402,198.00
2026-07-07,client_alpha,camp_104,IN_FEED,5400,3200,198,118.00
2026-07-07,client_alpha,camp_104,SHORTS,5100,3200,190,104.40
2026-07-08,client_alpha,camp_104,IN_STREAM,9200,5900,390,192.00
2026-07-08,client_alpha,camp_104,SHORTS,4800,3050,182,98.00
2026-07-09,client_beta,camp_202,IN_STREAM,7600,4700,315,145.00
2026-07-09,client_beta,camp_202,IN_FEED,4200,2550,167,84.00
2026-07-10,client_beta,camp_203,IN_STREAM,9100,5600,380,176.00
2026-07-10,client_beta,camp_203,IN_FEED,4700,2850,188,95.00
2026-07-10,client_beta,camp_203,SHORTS,4200,1850,112,84.00
2026-07-10,client_gamma,camp_304,IN_STREAM,8900,5450,360,171.00
2026-07-10,client_gamma,camp_304,SHORTS,4600,2350,142,88.00
2026-07-11,client_gamma,camp_304,IN_STREAM,9200,5700,372,177.00
2025-11-01,client_alpha,camp_105,IN_STREAM,8200,5010,331,159.00
2025-11-01,client_alpha,camp_105,IN_FEED,4200,2480,162,81.00
2025-11-01,client_alpha,camp_105,SHORTS,3900,2230,144,72.40
2025-11-02,client_beta,camp_204,IN_STREAM,7800,4720,308,149.00
2025-11-02,client_beta,camp_204,IN_FEED,4300,2600,169,84.50
2025-11-02,client_gamma,camp_305,SHORTS,4500,2550,168,79.00
2025-11-03,client_delta,camp_402,IN_STREAM,6900,4050,262,126.00
2025-11-03,client_delta,camp_402,IN_FEED,3800,2140,138,66.00
2025-11-03,client_delta,camp_402,SHORTS,3600,2050,132,64.20
2025-01-01,client_alpha,camp_105,IN_STREAM,3675,2205,132,62.50
2025-01-01,client_alpha,camp_105,IN_FEED,2058,1234,74,59.50
2025-01-01,client_alpha,camp_105,SHORTS,1617,840,64,59.50
2025-01-01,client_beta,camp_204,IN_STREAM,3795,2277,136,67.50
2025-01-01,client_beta,camp_204,IN_FEED,2125,1275,76,64.50
2025-01-01,client_beta,camp_204,SHORTS,1669,867,66,64.50
2025-01-01,client_gamma,camp_305,IN_STREAM,3915,2349,140,72.50
2025-01-01,client_gamma,camp_305,IN_FEED,2192,1315,78,69.50
2025-01-01,client_gamma,camp_305,SHORTS,1722,895,68,69.50
2025-01-01,client_delta,camp_402,IN_STREAM,4035,2421,145,77.50
2025-01-01,client_delta,camp_402,IN_FEED,2259,1355,81,74.50
2025-01-01,client_delta,camp_402,SHORTS,1775,923,71,74.50
2025-02-01,client_alpha,camp_105,IN_STREAM,3750,2250,135,66.00
2025-02-01,client_alpha,camp_105,IN_FEED,2100,1260,75,63.00
2025-02-01,client_alpha,camp_105,SHORTS,1650,858,66,63.00
2025-02-01,client_beta,camp_204,IN_STREAM,3870,2322,139,71.00
2025-02-01,client_beta,camp_204,IN_FEED,2167,1300,78,68.00
2025-02-01,client_beta,camp_204,SHORTS,1702,885,68,68.00
2025-02-01,client_gamma,camp_305,IN_STREAM,3990,2394,143,76.00
2025-02-01,client_gamma,camp_305,IN_FEED,2234,1340,80,73.00
2025-02-01,client_gamma,camp_305,SHORTS,1755,912,70,73.00
2025-02-01,client_delta,camp_402,IN_STREAM,4110,2466,147,81.00
2025-02-01,client_delta,camp_402,IN_FEED,2301,1380,82,78.00
2025-02-01,client_delta,camp_402,SHORTS,1808,940,72,78.00
2025-03-01,client_alpha,camp_105,IN_STREAM,3825,2295,137,69.50
2025-03-01,client_alpha,camp_105,IN_FEED,2142,1285,77,66.50
2025-03-01,client_alpha,camp_105,SHORTS,1683,875,67,66.50
2025-03-01,client_beta,camp_204,IN_STREAM,3945,2367,142,74.50
2025-03-01,client_beta,camp_204,IN_FEED,2209,1325,79,71.50
2025-03-01,client_beta,camp_204,SHORTS,1735,902,69,71.50
2025-03-01,client_gamma,camp_305,IN_STREAM,4065,2439,146,79.50
2025-03-01,client_gamma,camp_305,IN_FEED,2276,1365,81,76.50
2025-03-01,client_gamma,camp_305,SHORTS,1788,929,71,76.50
2025-03-01,client_delta,camp_402,IN_STREAM,4185,2511,150,84.50
2025-03-01,client_delta,camp_402,IN_FEED,2343,1405,84,81.50
2025-03-01,client_delta,camp_402,SHORTS,1841,957,73,81.50
2025-04-01,client_alpha,camp_105,IN_STREAM,3900,2340,140,73.00
2025-04-01,client_alpha,camp_105,IN_FEED,2184,1310,78,70.00
2025-04-01,client_alpha,camp_105,SHORTS,1716,892,68,70.00
2025-04-01,client_beta,camp_204,IN_STREAM,4020,2412,144,78.00
2025-04-01,client_beta,camp_204,IN_FEED,2251,1350,81,75.00
2025-04-01,client_beta,camp_204,SHORTS,1768,919,70,75.00
2025-04-01,client_gamma,camp_305,IN_STREAM,4140,2484,149,83.00
2025-04-01,client_gamma,camp_305,IN_FEED,2318,1390,83,80.00
2025-04-01,client_gamma,camp_305,SHORTS,1821,946,72,80.00
2025-04-01,client_delta,camp_402,IN_STREAM,4260,2556,153,88.00
2025-04-01,client_delta,camp_402,IN_FEED,2385,1431,85,85.00
2025-04-01,client_delta,camp_402,SHORTS,1874,974,74,85.00
2025-05-01,client_alpha,camp_105,IN_STREAM,3975,2385,143,76.50
2025-05-01,client_alpha,camp_105,IN_FEED,2226,1335,80,73.50
2025-05-01,client_alpha,camp_105,SHORTS,1749,909,69,73.50
2025-05-01,client_beta,camp_204,IN_STREAM,4095,2457,147,81.50
2025-05-01,client_beta,camp_204,IN_FEED,2293,1375,82,78.50
2025-05-01,client_beta,camp_204,SHORTS,1801,936,72,78.50
2025-05-01,client_gamma,camp_305,IN_STREAM,4215,2529,151,86.50
2025-05-01,client_gamma,camp_305,IN_FEED,2360,1416,84,83.50
2025-05-01,client_gamma,camp_305,SHORTS,1854,964,74,83.50
2025-05-01,client_delta,camp_402,IN_STREAM,4335,2601,156,91.50
2025-05-01,client_delta,camp_402,IN_FEED,2427,1456,87,88.50
2025-05-01,client_delta,camp_402,SHORTS,1907,991,76,88.50
2025-06-01,client_alpha,camp_105,IN_STREAM,4050,2430,145,80.00
2025-06-01,client_alpha,camp_105,IN_FEED,2268,1360,81,77.00
2025-06-01,client_alpha,camp_105,SHORTS,1782,926,71,77.00
2025-06-01,client_beta,camp_204,IN_STREAM,4170,2502,150,85.00
2025-06-01,client_beta,camp_204,IN_FEED,2335,1401,84,82.00
2025-06-01,client_beta,camp_204,SHORTS,1834,953,73,82.00
2025-06-01,client_gamma,camp_305,IN_STREAM,4290,2574,154,90.00
2025-06-01,client_gamma,camp_305,IN_FEED,2402,1441,86,87.00
2025-06-01,client_gamma,camp_305,SHORTS,1887,981,75,87.00
2025-06-01,client_delta,camp_402,IN_STREAM,4410,2646,158,95.00
2025-06-01,client_delta,camp_402,IN_FEED,2469,1481,88,92.00
2025-06-01,client_delta,camp_402,SHORTS,1940,1008,77,92.00
2025-07-01,client_alpha,camp_105,IN_STREAM,4125,2475,148,83.50
2025-07-01,client_alpha,camp_105,IN_FEED,2310,1386,83,80.50
2025-07-01,client_alpha,camp_105,SHORTS,1815,943,72,80.50
2025-07-01,client_beta,camp_204,IN_STREAM,4245,2547,152,88.50
2025-07-01,client_beta,camp_204,IN_FEED,2377,1426,85,85.50
2025-07-01,client_beta,camp_204,SHORTS,1867,970,74,85.50
2025-07-01,client_gamma,camp_305,IN_STREAM,4365,2619,157,93.50
2025-07-01,client_gamma,camp_305,IN_FEED,2444,1466,87,90.50
2025-07-01,client_gamma,camp_305,SHORTS,1920,998,76,90.50
2025-07-01,client_delta,camp_402,IN_STREAM,4485,2691,161,98.50
2025-07-01,client_delta,camp_402,IN_FEED,2511,1506,90,95.50
2025-07-01,client_delta,camp_402,SHORTS,1973,1025,78,95.50
2025-08-01,client_alpha,camp_105,IN_STREAM,4200,2520,151,87.00
2025-08-01,client_alpha,camp_105,IN_FEED,2352,1411,84,84.00
2025-08-01,client_alpha,camp_105,SHORTS,1848,960,73,84.00
2025-08-01,client_beta,camp_204,IN_STREAM,4320,2592,155,92.00
2025-08-01,client_beta,camp_204,IN_FEED,2419,1451,87,89.00
2025-08-01,client_beta,camp_204,SHORTS,1900,988,76,89.00
2025-08-01,client_gamma,camp_305,IN_STREAM,4440,2664,159,97.00
2025-08-01,client_gamma,camp_305,IN_FEED,2486,1491,89,94.00
2025-08-01,client_gamma,camp_305,SHORTS,1953,1015,78,94.00
2025-08-01,client_delta,camp_402,IN_STREAM,4560,2736,164,102.00
2025-08-01,client_delta,camp_402,IN_FEED,2553,1531,91,99.00
2025-08-01,client_delta,camp_402,SHORTS,2006,1043,80,99.00
2025-09-01,client_alpha,camp_105,IN_STREAM,4275,2565,153,90.50
2025-09-01,client_alpha,camp_105,IN_FEED,2394,1436,86,87.50
2025-09-01,client_alpha,camp_105,SHORTS,1881,978,75,87.50
2025-09-01,client_beta,camp_204,IN_STREAM,4395,2637,158,95.50
2025-09-01,client_beta,camp_204,IN_FEED,2461,1476,88,92.50
2025-09-01,client_beta,camp_204,SHORTS,1933,1005,77,92.50
2025-09-01,client_gamma,camp_305,IN_STREAM,4515,2709,162,100.50
2025-09-01,client_gamma,camp_305,IN_FEED,2528,1516,91,97.50
2025-09-01,client_gamma,camp_305,SHORTS,1986,1032,79,97.50
2025-09-01,client_delta,camp_402,IN_STREAM,4635,2781,166,105.50
2025-09-01,client_delta,camp_402,IN_FEED,2595,1557,93,102.50
2025-09-01,client_delta,camp_402,SHORTS,2039,1060,81,102.50
2025-10-01,client_alpha,camp_105,IN_STREAM,4350,2610,156,94.00
2025-10-01,client_alpha,camp_105,IN_FEED,2436,1461,87,91.00
2025-10-01,client_alpha,camp_105,SHORTS,1914,995,76,91.00
2025-10-01,client_beta,camp_204,IN_STREAM,4470,2682,160,99.00
2025-10-01,client_beta,camp_204,IN_FEED,2503,1501,90,96.00
2025-10-01,client_beta,camp_204,SHORTS,1966,1022,78,96.00
2025-10-01,client_gamma,camp_305,IN_STREAM,4590,2754,165,104.00
2025-10-01,client_gamma,camp_305,IN_FEED,2570,1542,92,101.00
2025-10-01,client_gamma,camp_305,SHORTS,2019,1049,80,101.00
2025-10-01,client_delta,camp_402,IN_STREAM,4710,2826,169,109.00
2025-10-01,client_delta,camp_402,IN_FEED,2637,1582,94,106.00
2025-10-01,client_delta,camp_402,SHORTS,2072,1077,82,106.00
2025-12-01,client_alpha,camp_105,IN_STREAM,4500,2700,162,101.00
2025-12-01,client_alpha,camp_105,IN_FEED,2520,1512,90,98.00
2025-12-01,client_alpha,camp_105,SHORTS,1980,1029,79,98.00
2025-12-01,client_beta,camp_204,IN_STREAM,4620,2772,166,106.00
2025-12-01,client_beta,camp_204,IN_FEED,2587,1552,93,103.00
2025-12-01,client_beta,camp_204,SHORTS,2032,1056,81,103.00
2025-12-01,client_gamma,camp_305,IN_STREAM,4740,2844,170,111.00
2025-12-01,client_gamma,camp_305,IN_FEED,2654,1592,95,108.00
2025-12-01,client_gamma,camp_305,SHORTS,2085,1084,83,108.00
2025-12-01,client_delta,camp_402,IN_STREAM,4860,2916,174,116.00
2025-12-01,client_delta,camp_402,IN_FEED,2721,1632,97,113.00
2025-12-01,client_delta,camp_402,SHORTS,2138,1111,85,113.00
2025-01-02,client_alpha,camp_105,IN_STREAM,3523,2113,126,51.50
2025-01-02,client_alpha,camp_105,IN_FEED,1972,1183,70,49.50
2025-01-02,client_alpha,camp_105,SHORTS,1550,821,62,49.50
2025-01-02,client_beta,camp_204,IN_STREAM,3643,2185,131,54.90
2025-01-02,client_beta,camp_204,IN_FEED,2040,1224,73,52.90
2025-01-02,client_beta,camp_204,SHORTS,1602,849,64,52.90
2025-01-02,client_gamma,camp_305,IN_STREAM,3763,2257,135,58.30
2025-01-02,client_gamma,camp_305,IN_FEED,2107,1264,75,56.30
2025-01-02,client_gamma,camp_305,SHORTS,1655,877,66,56.30
2025-01-02,client_delta,camp_402,IN_STREAM,3883,2329,139,61.70
2025-01-02,client_delta,camp_402,IN_FEED,2174,1304,78,59.70
2025-01-02,client_delta,camp_402,SHORTS,1708,905,68,59.70
2025-01-03,client_alpha,camp_105,IN_STREAM,3527,2116,126,51.75
2025-01-03,client_alpha,camp_105,IN_FEED,1975,1185,71,49.75
2025-01-03,client_alpha,camp_105,SHORTS,1551,822,62,49.75
2025-01-03,client_beta,camp_204,IN_STREAM,3647,2188,131,55.15
2025-01-03,client_beta,camp_204,IN_FEED,2042,1225,73,53.15
2025-01-03,client_beta,camp_204,SHORTS,1604,850,64,53.15
2025-01-03,client_gamma,camp_305,IN_STREAM,3767,2260,135,58.55
2025-01-03,client_gamma,camp_305,IN_FEED,2109,1265,75,56.55
2025-01-03,client_gamma,camp_305,SHORTS,1657,878,66,56.55
2025-01-03,client_delta,camp_402,IN_STREAM,3887,2332,139,61.95
2025-01-03,client_delta,camp_402,IN_FEED,2176,1305,78,59.95
2025-01-03,client_delta,camp_402,SHORTS,1710,906,68,59.95
2025-01-04,client_alpha,camp_105,IN_STREAM,3531,2118,127,52.00
2025-01-04,client_alpha,camp_105,IN_FEED,1977,1186,71,50.00
2025-01-04,client_alpha,camp_105,SHORTS,1553,823,62,50.00
2025-01-04,client_beta,camp_204,IN_STREAM,3651,2190,131,55.40
2025-01-04,client_beta,camp_204,IN_FEED,2044,1226,73,53.40
2025-01-04,client_beta,camp_204,SHORTS,1606,851,64,53.40
2025-01-04,client_gamma,camp_305,IN_STREAM,3771,2262,135,58.80
2025-01-04,client_gamma,camp_305,IN_FEED,2111,1266,75,56.80
2025-01-04,client_gamma,camp_305,SHORTS,1659,879,66,56.80
2025-01-04,client_delta,camp_402,IN_STREAM,3891,2334,140,62.20
2025-01-04,client_delta,camp_402,IN_FEED,2178,1306,78,60.20
2025-01-04,client_delta,camp_402,SHORTS,1712,907,68,60.20
2025-01-05,client_alpha,camp_105,IN_STREAM,3535,2121,127,52.25
2025-01-05,client_alpha,camp_105,IN_FEED,1979,1187,71,50.25
2025-01-05,client_alpha,camp_105,SHORTS,1555,824,62,50.25
2025-01-05,client_beta,camp_204,IN_STREAM,3655,2193,131,55.65
2025-01-05,client_beta,camp_204,IN_FEED,2046,1227,73,53.65
2025-01-05,client_beta,camp_204,SHORTS,1608,852,64,53.65
2025-01-05,client_gamma,camp_305,IN_STREAM,3775,2265,135,59.05
2025-01-05,client_gamma,camp_305,IN_FEED,2114,1268,76,57.05
2025-01-05,client_gamma,camp_305,SHORTS,1661,880,66,57.05
2025-01-05,client_delta,camp_402,IN_STREAM,3895,2337,140,62.45
2025-01-05,client_delta,camp_402,IN_FEED,2181,1308,78,60.45
2025-01-05,client_delta,camp_402,SHORTS,1713,907,68,60.45
2025-01-06,client_alpha,camp_105,IN_STREAM,3539,2123,127,52.50
2025-01-06,client_alpha,camp_105,IN_FEED,1981,1188,71,50.50
2025-01-06,client_alpha,camp_105,SHORTS,1557,825,62,50.50
2025-01-06,client_beta,camp_204,IN_STREAM,3659,2195,131,55.90
2025-01-06,client_beta,camp_204,IN_FEED,2049,1229,73,53.90
2025-01-06,client_beta,camp_204,SHORTS,1609,852,64,53.90
2025-01-06,client_gamma,camp_305,IN_STREAM,3779,2267,136,59.30
2025-01-06,client_gamma,camp_305,IN_FEED,2116,1269,76,57.30
2025-01-06,client_gamma,camp_305,SHORTS,1662,880,66,57.30
2025-01-06,client_delta,camp_402,IN_STREAM,3899,2339,140,62.70
2025-01-06,client_delta,camp_402,IN_FEED,2183,1309,78,60.70
2025-01-06,client_delta,camp_402,SHORTS,1715,908,68,60.70
2025-01-07,client_alpha,camp_105,IN_STREAM,3543,2125,127,52.75
2025-01-07,client_alpha,camp_105,IN_FEED,1984,1190,71,50.75
2025-01-07,client_alpha,camp_105,SHORTS,1558,825,62,50.75
2025-01-07,client_beta,camp_204,IN_STREAM,3663,2197,131,56.15
2025-01-07,client_beta,camp_204,IN_FEED,2051,1230,73,54.15
2025-01-07,client_beta,camp_204,SHORTS,1611,853,64,54.15
2025-01-07,client_gamma,camp_305,IN_STREAM,3783,2269,136,59.55
2025-01-07,client_gamma,camp_305,IN_FEED,2118,1270,76,57.55
2025-01-07,client_gamma,camp_305,SHORTS,1664,881,66,57.55
2025-01-07,client_delta,camp_402,IN_STREAM,3903,2341,140,62.95
2025-01-07,client_delta,camp_402,IN_FEED,2185,1311,78,60.95
2025-01-07,client_delta,camp_402,SHORTS,1717,910,68,60.95
2025-01-08,client_alpha,camp_105,IN_STREAM,3547,2128,127,53.00
2025-01-08,client_alpha,camp_105,IN_FEED,1986,1191,71,51.00
2025-01-08,client_alpha,camp_105,SHORTS,1560,826,62,51.00
2025-01-08,client_beta,camp_204,IN_STREAM,3667,2200,132,56.40
2025-01-08,client_beta,camp_204,IN_FEED,2053,1231,73,54.40
2025-01-08,client_beta,camp_204,SHORTS,1613,854,64,54.40
2025-01-08,client_gamma,camp_305,IN_STREAM,3787,2272,136,59.80
2025-01-08,client_gamma,camp_305,IN_FEED,2120,1272,76,57.80
2025-01-08,client_gamma,camp_305,SHORTS,1666,882,66,57.80
2025-01-08,client_delta,camp_402,IN_STREAM,3907,2344,140,63.20
2025-01-08,client_delta,camp_402,IN_FEED,2187,1312,78,61.20
2025-01-08,client_delta,camp_402,SHORTS,1719,911,68,61.20
2025-01-09,client_alpha,camp_105,IN_STREAM,3551,2130,127,53.25
2025-01-09,client_alpha,camp_105,IN_FEED,1988,1192,71,51.25
2025-01-09,client_alpha,camp_105,SHORTS,1562,827,62,51.25
2025-01-09,client_beta,camp_204,IN_STREAM,3671,2202,132,56.65
2025-01-09,client_beta,camp_204,IN_FEED,2055,1233,73,54.65
2025-01-09,client_beta,camp_204,SHORTS,1615,855,64,54.65
2025-01-09,client_gamma,camp_305,IN_STREAM,3791,2274,136,60.05
2025-01-09,client_gamma,camp_305,IN_FEED,2122,1273,76,58.05
2025-01-09,client_gamma,camp_305,SHORTS,1668,884,66,58.05
2025-01-09,client_delta,camp_402,IN_STREAM,3911,2346,140,63.45
2025-01-09,client_delta,camp_402,IN_FEED,2190,1314,78,61.45
2025-01-09,client_delta,camp_402,SHORTS,1720,911,68,61.45
2025-01-10,client_alpha,camp_105,IN_STREAM,3555,2133,127,53.50
2025-01-10,client_alpha,camp_105,IN_FEED,1990,1194,71,51.50
2025-01-10,client_alpha,camp_105,SHORTS,1564,828,62,51.50
2025-01-10,client_beta,camp_204,IN_STREAM,3675,2205,132,56.90
2025-01-10,client_beta,camp_204,IN_FEED,2058,1234,74,54.90
2025-01-10,client_beta,camp_204,SHORTS,1617,857,64,54.90
2025-01-10,client_gamma,camp_305,IN_STREAM,3795,2277,136,60.30
2025-01-10,client_gamma,camp_305,IN_FEED,2125,1275,76,58.30
2025-01-10,client_gamma,camp_305,SHORTS,1669,884,66,58.30
2025-01-10,client_delta,camp_402,IN_STREAM,3915,2349,140,63.70
2025-01-10,client_delta,camp_402,IN_FEED,2192,1315,78,61.70
2025-01-10,client_delta,camp_402,SHORTS,1722,912,68,61.70
2025-01-11,client_alpha,camp_105,IN_STREAM,3559,2135,128,53.75
2025-01-11,client_alpha,camp_105,IN_FEED,1993,1195,71,51.75
2025-01-11,client_alpha,camp_105,SHORTS,1565,829,62,51.75
2025-01-11,client_beta,camp_204,IN_STREAM,3679,2207,132,57.15
2025-01-11,client_beta,camp_204,IN_FEED,2060,1236,74,55.15
2025-01-11,client_beta,camp_204,SHORTS,1618,857,64,55.15
2025-01-11,client_gamma,camp_305,IN_STREAM,3799,2279,136,60.55
2025-01-11,client_gamma,camp_305,IN_FEED,2127,1276,76,58.55
2025-01-11,client_gamma,camp_305,SHORTS,1671,885,66,58.55
2025-01-11,client_delta,camp_402,IN_STREAM,3919,2351,141,63.95
2025-01-11,client_delta,camp_402,IN_FEED,2194,1316,78,61.95
2025-01-11,client_delta,camp_402,SHORTS,1724,913,68,61.95
2025-01-12,client_alpha,camp_105,IN_STREAM,3563,2137,128,54.00
2025-01-12,client_alpha,camp_105,IN_FEED,1995,1197,71,52.00
2025-01-12,client_alpha,camp_105,SHORTS,1567,830,62,52.00
2025-01-12,client_beta,camp_204,IN_STREAM,3683,2209,132,57.40
2025-01-12,client_beta,camp_204,IN_FEED,2062,1237,74,55.40
2025-01-12,client_beta,camp_204,SHORTS,1620,858,64,55.40
2025-01-12,client_gamma,camp_305,IN_STREAM,3803,2281,136,60.80
2025-01-12,client_gamma,camp_305,IN_FEED,2129,1277,76,58.80
2025-01-12,client_gamma,camp_305,SHORTS,1673,886,66,58.80
2025-01-12,client_delta,camp_402,IN_STREAM,3923,2353,141,64.20
2025-01-12,client_delta,camp_402,IN_FEED,2196,1317,79,62.20
2025-01-12,client_delta,camp_402,SHORTS,1726,914,69,62.20
2025-01-13,client_alpha,camp_105,IN_STREAM,3567,2140,128,54.25
2025-01-13,client_alpha,camp_105,IN_FEED,1997,1198,71,52.25
2025-01-13,client_alpha,camp_105,SHORTS,1569,831,62,52.25
2025-01-13,client_beta,camp_204,IN_STREAM,3687,2212,132,57.65
2025-01-13,client_beta,camp_204,IN_FEED,2064,1238,74,55.65
2025-01-13,client_beta,camp_204,SHORTS,1622,859,64,55.65
2025-01-13,client_gamma,camp_305,IN_STREAM,3807,2284,137,61.05
2025-01-13,client_gamma,camp_305,IN_FEED,2131,1278,76,59.05
2025-01-13,client_gamma,camp_305,SHORTS,1675,887,67,59.05
2025-01-13,client_delta,camp_402,IN_STREAM,3927,2356,141,64.45
2025-01-13,client_delta,camp_402,IN_FEED,2199,1319,79,62.45
2025-01-13,client_delta,camp_402,SHORTS,1727,915,69,62.45
2025-01-14,client_alpha,camp_105,IN_STREAM,3571,2142,128,54.50
2025-01-14,client_alpha,camp_105,IN_FEED,1999,1199,71,52.50
2025-01-14,client_alpha,camp_105,SHORTS,1571,832,62,52.50
2025-01-14,client_beta,camp_204,IN_STREAM,3691,2214,132,57.90
2025-01-14,client_beta,camp_204,IN_FEED,2066,1239,74,55.90
2025-01-14,client_beta,camp_204,SHORTS,1624,860,64,55.90
2025-01-14,client_gamma,camp_305,IN_STREAM,3811,2286,137,61.30
2025-01-14,client_gamma,camp_305,IN_FEED,2134,1280,76,59.30
2025-01-14,client_gamma,camp_305,SHORTS,1676,888,67,59.30
2025-01-14,client_delta,camp_402,IN_STREAM,3931,2358,141,64.70
2025-01-14,client_delta,camp_402,IN_FEED,2201,1320,79,62.70
2025-01-14,client_delta,camp_402,SHORTS,1729,916,69,62.70
2025-01-15,client_alpha,camp_105,IN_STREAM,3575,2145,128,54.75
2025-01-15,client_alpha,camp_105,IN_FEED,2002,1201,72,52.75
2025-01-15,client_alpha,camp_105,SHORTS,1573,833,62,52.75
2025-01-15,client_beta,camp_204,IN_STREAM,3695,2217,133,58.15
2025-01-15,client_beta,camp_204,IN_FEED,2069,1241,74,56.15
2025-01-15,client_beta,camp_204,SHORTS,1625,861,65,56.15
2025-01-15,client_gamma,camp_305,IN_STREAM,3815,2289,137,61.55
2025-01-15,client_gamma,camp_305,IN_FEED,2136,1281,76,59.55
2025-01-15,client_gamma,camp_305,SHORTS,1678,889,67,59.55
2025-01-15,client_delta,camp_402,IN_STREAM,3935,2361,141,64.95
2025-01-15,client_delta,camp_402,IN_FEED,2203,1321,79,62.95
2025-01-15,client_delta,camp_402,SHORTS,1731,917,69,62.95
2025-01-16,client_alpha,camp_105,IN_STREAM,3579,2147,128,55.00
2025-01-16,client_alpha,camp_105,IN_FEED,2004,1202,72,53.00
2025-01-16,client_alpha,camp_105,SHORTS,1574,834,62,53.00
2025-01-16,client_beta,camp_204,IN_STREAM,3699,2219,133,58.40
2025-01-16,client_beta,camp_204,IN_FEED,2071,1242,74,56.40
2025-01-16,client_beta,camp_204,SHORTS,1627,862,65,56.40
2025-01-16,client_gamma,camp_305,IN_STREAM,3819,2291,137,61.80
2025-01-16,client_gamma,camp_305,IN_FEED,2138,1282,76,59.80
2025-01-16,client_gamma,camp_305,SHORTS,1680,890,67,59.80
2025-01-16,client_delta,camp_402,IN_STREAM,3939,2363,141,65.20
2025-01-16,client_delta,camp_402,IN_FEED,2205,1323,79,63.20
2025-01-16,client_delta,camp_402,SHORTS,1733,918,69,63.20
2025-01-17,client_alpha,camp_105,IN_STREAM,3583,2149,128,55.25
2025-01-17,client_alpha,camp_105,IN_FEED,2006,1203,72,53.25
2025-01-17,client_alpha,camp_105,SHORTS,1576,835,63,53.25
2025-01-17,client_beta,camp_204,IN_STREAM,3703,2221,133,58.65
2025-01-17,client_beta,camp_204,IN_FEED,2073,1243,74,56.65
2025-01-17,client_beta,camp_204,SHORTS,1629,863,65,56.65
2025-01-17,client_gamma,camp_305,IN_STREAM,3823,2293,137,62.05
2025-01-17,client_gamma,camp_305,IN_FEED,2140,1284,77,60.05
2025-01-17,client_gamma,camp_305,SHORTS,1682,891,67,60.05
2025-01-17,client_delta,camp_402,IN_STREAM,3943,2365,141,65.45
2025-01-17,client_delta,camp_402,IN_FEED,2208,1324,79,63.45
2025-01-17,client_delta,camp_402,SHORTS,1734,919,69,63.45
2025-01-18,client_alpha,camp_105,IN_STREAM,3587,2152,129,55.50
2025-01-18,client_alpha,camp_105,IN_FEED,2008,1204,72,53.50
2025-01-18,client_alpha,camp_105,SHORTS,1578,836,63,53.50
2025-01-18,client_beta,camp_204,IN_STREAM,3707,2224,133,58.90
2025-01-18,client_beta,camp_204,IN_FEED,2075,1245,74,56.90
2025-01-18,client_beta,camp_204,SHORTS,1631,864,65,56.90
2025-01-18,client_gamma,camp_305,IN_STREAM,3827,2296,137,62.30
2025-01-18,client_gamma,camp_305,IN_FEED,2143,1285,77,60.30
2025-01-18,client_gamma,camp_305,SHORTS,1683,891,67,60.30
2025-01-18,client_delta,camp_402,IN_STREAM,3947,2368,142,65.70
2025-01-18,client_delta,camp_402,IN_FEED,2210,1326,79,63.70
2025-01-18,client_delta,camp_402,SHORTS,1736,920,69,63.70
2025-01-19,client_alpha,camp_105,IN_STREAM,3591,2154,129,55.75
2025-01-19,client_alpha,camp_105,IN_FEED,2010,1206,72,53.75
2025-01-19,client_alpha,camp_105,SHORTS,1580,837,63,53.75
2025-01-19,client_beta,camp_204,IN_STREAM,3711,2226,133,59.15
2025-01-19,client_beta,camp_204,IN_FEED,2078,1246,74,57.15
2025-01-19,client_beta,camp_204,SHORTS,1632,864,65,57.15
2025-01-19,client_gamma,camp_305,IN_STREAM,3831,2298,137,62.55
2025-01-19,client_gamma,camp_305,IN_FEED,2145,1287,77,60.55
2025-01-19,client_gamma,camp_305,SHORTS,1685,893,67,60.55
2025-01-19,client_delta,camp_402,IN_STREAM,3951,2370,142,65.95
2025-01-19,client_delta,camp_402,IN_FEED,2212,1327,79,63.95
2025-01-19,client_delta,camp_402,SHORTS,1738,921,69,63.95
2025-01-20,client_alpha,camp_105,IN_STREAM,3595,2157,129,56.00
2025-01-20,client_alpha,camp_105,IN_FEED,2013,1207,72,54.00
2025-01-20,client_alpha,camp_105,SHORTS,1581,837,63,54.00
2025-01-20,client_beta,camp_204,IN_STREAM,3715,2229,133,59.40
2025-01-20,client_beta,camp_204,IN_FEED,2080,1248,74,57.40
2025-01-20,client_beta,camp_204,SHORTS,1634,866,65,57.40
2025-01-20,client_gamma,camp_305,IN_STREAM,3835,2301,138,62.80
2025-01-20,client_gamma,camp_305,IN_FEED,2147,1288,77,60.80
2025-01-20,client_gamma,camp_305,SHORTS,1687,894,67,60.80
2025-01-20,client_delta,camp_402,IN_STREAM,3955,2373,142,66.20
2025-01-20,client_delta,camp_402,IN_FEED,2214,1328,79,64.20
2025-01-20,client_delta,camp_402,SHORTS,1740,922,69,64.20
2025-01-21,client_alpha,camp_105,IN_STREAM,3599,2159,129,56.25
2025-01-21,client_alpha,camp_105,IN_FEED,2015,1209,72,54.25
2025-01-21,client_alpha,camp_105,SHORTS,1583,838,63,54.25
2025-01-21,client_beta,camp_204,IN_STREAM,3719,2231,133,59.65
2025-01-21,client_beta,camp_204,IN_FEED,2082,1249,74,57.65
2025-01-21,client_beta,camp_204,SHORTS,1636,867,65,57.65
2025-01-21,client_gamma,camp_305,IN_STREAM,3839,2303,138,63.05
2025-01-21,client_gamma,camp_305,IN_FEED,2149,1289,77,61.05
2025-01-21,client_gamma,camp_305,SHORTS,1689,895,67,61.05
2025-01-21,client_delta,camp_402,IN_STREAM,3959,2375,142,66.45
2025-01-21,client_delta,camp_402,IN_FEED,2217,1330,79,64.45
2025-01-21,client_delta,camp_402,SHORTS,1741,922,69,64.45
2025-01-22,client_alpha,camp_105,IN_STREAM,3603,2161,129,56.50
2025-01-22,client_alpha,camp_105,IN_FEED,2017,1210,72,54.50
2025-01-22,client_alpha,camp_105,SHORTS,1585,840,63,54.50
2025-01-22,client_beta,camp_204,IN_STREAM,3723,2233,134,59.90
2025-01-22,client_beta,camp_204,IN_FEED,2084,1250,75,57.90
2025-01-22,client_beta,camp_204,SHORTS,1638,868,65,57.90
2025-01-22,client_gamma,camp_305,IN_STREAM,3843,2305,138,63.30
2025-01-22,client_gamma,camp_305,IN_FEED,2152,1291,77,61.30
2025-01-22,client_gamma,camp_305,SHORTS,1690,895,67,61.30
2025-01-22,client_delta,camp_402,IN_STREAM,3963,2377,142,66.70
2025-01-22,client_delta,camp_402,IN_FEED,2219,1331,79,64.70
2025-01-22,client_delta,camp_402,SHORTS,1743,923,69,64.70
2025-01-23,client_alpha,camp_105,IN_STREAM,3607,2164,129,56.75
2025-01-23,client_alpha,camp_105,IN_FEED,2019,1211,72,54.75
2025-01-23,client_alpha,camp_105,SHORTS,1587,841,63,54.75
2025-01-23,client_beta,camp_204,IN_STREAM,3727,2236,134,60.15
2025-01-23,client_beta,camp_204,IN_FEED,2087,1252,75,58.15
2025-01-23,client_beta,camp_204,SHORTS,1639,868,65,58.15
2025-01-23,client_gamma,camp_305,IN_STREAM,3847,2308,138,63.55
2025-01-23,client_gamma,camp_305,IN_FEED,2154,1292,77,61.55
2025-01-23,client_gamma,camp_305,SHORTS,1692,896,67,61.55
2025-01-23,client_delta,camp_402,IN_STREAM,3967,2380,142,66.95
2025-01-23,client_delta,camp_402,IN_FEED,2221,1332,79,64.95
2025-01-23,client_delta,camp_402,SHORTS,1745,924,69,64.95
2025-01-24,client_alpha,camp_105,IN_STREAM,3611,2166,129,57.00
2025-01-24,client_alpha,camp_105,IN_FEED,2022,1213,72,55.00
2025-01-24,client_alpha,camp_105,SHORTS,1588,841,63,55.00
2025-01-24,client_beta,camp_204,IN_STREAM,3731,2238,134,60.40
2025-01-24,client_beta,camp_204,IN_FEED,2089,1253,75,58.40
2025-01-24,client_beta,camp_204,SHORTS,1641,869,65,58.40
2025-01-24,client_gamma,camp_305,IN_STREAM,3851,2310,138,63.80
2025-01-24,client_gamma,camp_305,IN_FEED,2156,1293,77,61.80
2025-01-24,client_gamma,camp_305,SHORTS,1694,897,67,61.80
2025-01-24,client_delta,camp_402,IN_STREAM,3971,2382,142,67.20
2025-01-24,client_delta,camp_402,IN_FEED,2223,1333,80,65.20
2025-01-24,client_delta,camp_402,SHORTS,1747,925,69,65.20
2025-01-25,client_alpha,camp_105,IN_STREAM,3615,2169,130,57.25
2025-01-25,client_alpha,camp_105,IN_FEED,2024,1214,72,55.25
2025-01-25,client_alpha,camp_105,SHORTS,1590,842,63,55.25
2025-01-25,client_beta,camp_204,IN_STREAM,3735,2241,134,60.65
2025-01-25,client_beta,camp_204,IN_FEED,2091,1254,75,58.65
2025-01-25,client_beta,camp_204,SHORTS,1643,870,65,58.65
2025-01-25,client_gamma,camp_305,IN_STREAM,3855,2313,138,64.05
2025-01-25,client_gamma,camp_305,IN_FEED,2158,1294,77,62.05
2025-01-25,client_gamma,camp_305,SHORTS,1696,898,67,62.05
2025-01-25,client_delta,camp_402,IN_STREAM,3975,2385,143,67.45
2025-01-25,client_delta,camp_402,IN_FEED,2226,1335,80,65.45
2025-01-25,client_delta,camp_402,SHORTS,1749,926,69,65.45
2025-01-26,client_alpha,camp_105,IN_STREAM,3619,2171,130,57.50
2025-01-26,client_alpha,camp_105,IN_FEED,2026,1215,72,55.50
2025-01-26,client_alpha,camp_105,SHORTS,1592,843,63,55.50
2025-01-26,client_beta,camp_204,IN_STREAM,3739,2243,134,60.90
2025-01-26,client_beta,camp_204,IN_FEED,2093,1255,75,58.90
2025-01-26,client_beta,camp_204,SHORTS,1645,871,65,58.90
2025-01-26,client_gamma,camp_305,IN_STREAM,3859,2315,138,64.30
2025-01-26,client_gamma,camp_305,IN_FEED,2161,1296,77,62.30
2025-01-26,client_gamma,camp_305,SHORTS,1697,899,67,62.30
2025-01-26,client_delta,camp_402,IN_STREAM,3979,2387,143,67.70
2025-01-26,client_delta,camp_402,IN_FEED,2228,1336,80,65.70
2025-01-26,client_delta,camp_402,SHORTS,1750,927,70,65.70
2025-01-27,client_alpha,camp_105,IN_STREAM,3623,2173,130,57.75
2025-01-27,client_alpha,camp_105,IN_FEED,2028,1216,73,55.75
2025-01-27,client_alpha,camp_105,SHORTS,1594,844,63,55.75
2025-01-27,client_beta,camp_204,IN_STREAM,3743,2245,134,61.15
2025-01-27,client_beta,camp_204,IN_FEED,2096,1257,75,59.15
2025-01-27,client_beta,camp_204,SHORTS,1646,872,65,59.15
2025-01-27,client_gamma,camp_305,IN_STREAM,3863,2317,139,64.55
2025-01-27,client_gamma,camp_305,IN_FEED,2163,1297,77,62.55
2025-01-27,client_gamma,camp_305,SHORTS,1699,900,67,62.55
2025-01-27,client_delta,camp_402,IN_STREAM,3983,2389,143,67.95
2025-01-27,client_delta,camp_402,IN_FEED,2230,1338,80,65.95
2025-01-27,client_delta,camp_402,SHORTS,1752,928,70,65.95
2025-01-28,client_alpha,camp_105,IN_STREAM,3627,2176,130,58.00
2025-01-28,client_alpha,camp_105,IN_FEED,2031,1218,73,56.00
2025-01-28,client_alpha,camp_105,SHORTS,1595,845,63,56.00
2025-01-28,client_beta,camp_204,IN_STREAM,3747,2248,134,61.40
2025-01-28,client_beta,camp_204,IN_FEED,2098,1258,75,59.40
2025-01-28,client_beta,camp_204,SHORTS,1648,873,65,59.40
2025-01-28,client_gamma,camp_305,IN_STREAM,3867,2320,139,64.80
2025-01-28,client_gamma,camp_305,IN_FEED,2165,1299,77,62.80
2025-01-28,client_gamma,camp_305,SHORTS,1701,901,68,62.80
2025-01-28,client_delta,camp_402,IN_STREAM,3987,2392,143,68.20
2025-01-28,client_delta,camp_402,IN_FEED,2232,1339,80,66.20
2025-01-28,client_delta,camp_402,SHORTS,1754,929,70,66.20
2025-01-29,client_alpha,camp_105,IN_STREAM,3631,2178,130,58.25
2025-01-29,client_alpha,camp_105,IN_FEED,2033,1219,73,56.25
2025-01-29,client_alpha,camp_105,SHORTS,1597,846,63,56.25
2025-01-29,client_beta,camp_204,IN_STREAM,3751,2250,135,61.65
2025-01-29,client_beta,camp_204,IN_FEED,2100,1260,75,59.65
2025-01-29,client_beta,camp_204,SHORTS,1650,874,66,59.65
2025-01-29,client_gamma,camp_305,IN_STREAM,3871,2322,139,65.05
2025-01-29,client_gamma,camp_305,IN_FEED,2167,1300,78,63.05
2025-01-29,client_gamma,camp_305,SHORTS,1703,902,68,63.05
2025-01-29,client_delta,camp_402,IN_STREAM,3991,2394,143,68.45
2025-01-29,client_delta,camp_402,IN_FEED,2234,1340,80,66.45
2025-01-29,client_delta,camp_402,SHORTS,1756,930,70,66.45
2025-01-30,client_alpha,camp_105,IN_STREAM,3635,2181,130,58.50
2025-01-30,client_alpha,camp_105,IN_FEED,2035,1221,73,56.50
2025-01-30,client_alpha,camp_105,SHORTS,1599,847,63,56.50
2025-01-30,client_beta,camp_204,IN_STREAM,3755,2253,135,61.90
2025-01-30,client_beta,camp_204,IN_FEED,2102,1261,75,59.90
2025-01-30,client_beta,camp_204,SHORTS,1652,875,66,59.90
2025-01-30,client_gamma,camp_305,IN_STREAM,3875,2325,139,65.30
2025-01-30,client_gamma,camp_305,IN_FEED,2170,1302,78,63.30
2025-01-30,client_gamma,camp_305,SHORTS,1705,903,68,63.30
2025-01-30,client_delta,camp_402,IN_STREAM,3995,2397,143,68.70
2025-01-30,client_delta,camp_402,IN_FEED,2237,1342,80,66.70
2025-01-30,client_delta,camp_402,SHORTS,1757,931,70,66.70
2025-01-31,client_alpha,camp_105,IN_STREAM,3639,2183,131,58.75
2025-01-31,client_alpha,camp_105,IN_FEED,2037,1222,73,56.75
2025-01-31,client_alpha,camp_105,SHORTS,1601,848,64,56.75
2025-01-31,client_beta,camp_204,IN_STREAM,3759,2255,135,62.15
2025-01-31,client_beta,camp_204,IN_FEED,2105,1263,75,60.15
2025-01-31,client_beta,camp_204,SHORTS,1653,876,66,60.15
2025-01-31,client_gamma,camp_305,IN_STREAM,3879,2327,139,65.55
2025-01-31,client_gamma,camp_305,IN_FEED,2172,1303,78,63.55
2025-01-31,client_gamma,camp_305,SHORTS,1706,904,68,63.55
2025-01-31,client_delta,camp_402,IN_STREAM,3999,2399,143,68.95
2025-01-31,client_delta,camp_402,IN_FEED,2239,1343,80,66.95
2025-01-31,client_delta,camp_402,SHORTS,1759,932,70,66.95
2025-02-02,client_alpha,camp_105,IN_STREAM,3588,2152,129,53.50
2025-02-02,client_alpha,camp_105,IN_FEED,2009,1205,72,51.50
2025-02-02,client_alpha,camp_105,SHORTS,1578,836,63,51.50
2025-02-02,client_beta,camp_204,IN_STREAM,3708,2224,133,56.90
2025-02-02,client_beta,camp_204,IN_FEED,2076,1245,74,54.90
2025-02-02,client_beta,camp_204,SHORTS,1631,864,65,54.90
2025-02-02,client_gamma,camp_305,IN_STREAM,3828,2296,137,60.30
2025-02-02,client_gamma,camp_305,IN_FEED,2143,1285,77,58.30
2025-02-02,client_gamma,camp_305,SHORTS,1684,892,67,58.30
2025-02-02,client_delta,camp_402,IN_STREAM,3948,2368,142,63.70
2025-02-02,client_delta,camp_402,IN_FEED,2210,1326,79,61.70
2025-02-02,client_delta,camp_402,SHORTS,1737,920,69,61.70
2025-02-03,client_alpha,camp_105,IN_STREAM,3592,2155,129,53.75
2025-02-03,client_alpha,camp_105,IN_FEED,2011,1206,72,51.75
2025-02-03,client_alpha,camp_105,SHORTS,1580,837,63,51.75
2025-02-03,client_beta,camp_204,IN_STREAM,3712,2227,133,57.15
2025-02-03,client_beta,camp_204,IN_FEED,2078,1246,74,55.15
2025-02-03,client_beta,camp_204,SHORTS,1633,865,65,55.15
2025-02-03,client_gamma,camp_305,IN_STREAM,3832,2299,137,60.55
2025-02-03,client_gamma,camp_305,IN_FEED,2145,1287,77,58.55
2025-02-03,client_gamma,camp_305,SHORTS,1686,893,67,58.55
2025-02-03,client_delta,camp_402,IN_STREAM,3952,2371,142,63.95
2025-02-03,client_delta,camp_402,IN_FEED,2213,1327,79,61.95
2025-02-03,client_delta,camp_402,SHORTS,1738,921,69,61.95
2025-02-04,client_alpha,camp_105,IN_STREAM,3596,2157,129,54.00
2025-02-04,client_alpha,camp_105,IN_FEED,2013,1207,72,52.00
2025-02-04,client_alpha,camp_105,SHORTS,1582,838,63,52.00
2025-02-04,client_beta,camp_204,IN_STREAM,3716,2229,133,57.40
2025-02-04,client_beta,camp_204,IN_FEED,2080,1248,74,55.40
2025-02-04,client_beta,camp_204,SHORTS,1635,866,65,55.40
2025-02-04,client_gamma,camp_305,IN_STREAM,3836,2301,138,60.80
2025-02-04,client_gamma,camp_305,IN_FEED,2148,1288,77,58.80
2025-02-04,client_gamma,camp_305,SHORTS,1687,894,67,58.80
2025-02-04,client_delta,camp_402,IN_STREAM,3956,2373,142,64.20
2025-02-04,client_delta,camp_402,IN_FEED,2215,1329,79,62.20
2025-02-04,client_delta,camp_402,SHORTS,1740,922,69,62.20
2025-02-05,client_alpha,camp_105,IN_STREAM,3600,2160,129,54.25
2025-02-05,client_alpha,camp_105,IN_FEED,2016,1209,72,52.25
2025-02-05,client_alpha,camp_105,SHORTS,1584,839,63,52.25
2025-02-05,client_beta,camp_204,IN_STREAM,3720,2232,133,57.65
2025-02-05,client_beta,camp_204,IN_FEED,2083,1249,74,55.65
2025-02-05,client_beta,camp_204,SHORTS,1636,867,65,55.65
2025-02-05,client_gamma,camp_305,IN_STREAM,3840,2304,138,61.05
2025-02-05,client_gamma,camp_305,IN_FEED,2150,1290,77,59.05
2025-02-05,client_gamma,camp_305,SHORTS,1689,895,67,59.05
2025-02-05,client_delta,camp_402,IN_STREAM,3960,2376,142,64.45
2025-02-05,client_delta,camp_402,IN_FEED,2217,1330,79,62.45
2025-02-05,client_delta,camp_402,SHORTS,1742,923,69,62.45
2025-02-06,client_alpha,camp_105,IN_STREAM,3604,2162,129,54.50
2025-02-06,client_alpha,camp_105,IN_FEED,2018,1210,72,52.50
2025-02-06,client_alpha,camp_105,SHORTS,1585,840,63,52.50
2025-02-06,client_beta,camp_204,IN_STREAM,3724,2234,134,57.90
2025-02-06,client_beta,camp_204,IN_FEED,2085,1251,75,55.90
2025-02-06,client_beta,camp_204,SHORTS,1638,868,65,55.90
2025-02-06,client_gamma,camp_305,IN_STREAM,3844,2306,138,61.30
2025-02-06,client_gamma,camp_305,IN_FEED,2152,1291,77,59.30
2025-02-06,client_gamma,camp_305,SHORTS,1691,896,67,59.30
2025-02-06,client_delta,camp_402,IN_STREAM,3964,2378,142,64.70
2025-02-06,client_delta,camp_402,IN_FEED,2219,1331,79,62.70
2025-02-06,client_delta,camp_402,SHORTS,1744,924,69,62.70
2025-02-07,client_alpha,camp_105,IN_STREAM,3608,2164,129,54.75
2025-02-07,client_alpha,camp_105,IN_FEED,2020,1212,72,52.75
2025-02-07,client_alpha,camp_105,SHORTS,1587,841,63,52.75
2025-02-07,client_beta,camp_204,IN_STREAM,3728,2236,134,58.15
2025-02-07,client_beta,camp_204,IN_FEED,2087,1252,75,56.15
2025-02-07,client_beta,camp_204,SHORTS,1640,869,65,56.15
2025-02-07,client_gamma,camp_305,IN_STREAM,3848,2308,138,61.55
2025-02-07,client_gamma,camp_305,IN_FEED,2154,1292,77,59.55
2025-02-07,client_gamma,camp_305,SHORTS,1693,897,67,59.55
2025-02-07,client_delta,camp_402,IN_STREAM,3968,2380,142,64.95
2025-02-07,client_delta,camp_402,IN_FEED,2222,1333,79,62.95
2025-02-07,client_delta,camp_402,SHORTS,1745,924,69,62.95
2025-02-08,client_alpha,camp_105,IN_STREAM,3612,2167,130,55.00
2025-02-08,client_alpha,camp_105,IN_FEED,2022,1213,72,53.00
2025-02-08,client_alpha,camp_105,SHORTS,1589,842,63,53.00
2025-02-08,client_beta,camp_204,IN_STREAM,3732,2239,134,58.40
2025-02-08,client_beta,camp_204,IN_FEED,2089,1253,75,56.40
2025-02-08,client_beta,camp_204,SHORTS,1642,870,65,56.40
2025-02-08,client_gamma,camp_305,IN_STREAM,3852,2311,138,61.80
2025-02-08,client_gamma,camp_305,IN_FEED,2157,1294,77,59.80
2025-02-08,client_gamma,camp_305,SHORTS,1694,897,67,59.80
2025-02-08,client_delta,camp_402,IN_STREAM,3972,2383,142,65.20
2025-02-08,client_delta,camp_402,IN_FEED,2224,1334,80,63.20
2025-02-08,client_delta,camp_402,SHORTS,1747,925,69,63.20
2025-02-09,client_alpha,camp_105,IN_STREAM,3616,2169,130,55.25
2025-02-09,client_alpha,camp_105,IN_FEED,2024,1214,72,53.25
2025-02-09,client_alpha,camp_105,SHORTS,1591,843,63,53.25
2025-02-09,client_beta,camp_204,IN_STREAM,3736,2241,134,58.65
2025-02-09,client_beta,camp_204,IN_FEED,2092,1255,75,56.65
2025-02-09,client_beta,camp_204,SHORTS,1643,870,65,56.65
2025-02-09,client_gamma,camp_305,IN_STREAM,3856,2313,138,62.05
2025-02-09,client_gamma,camp_305,IN_FEED,2159,1295,77,60.05
2025-02-09,client_gamma,camp_305,SHORTS,1696,898,67,60.05
2025-02-09,client_delta,camp_402,IN_STREAM,3976,2385,143,65.45
2025-02-09,client_delta,camp_402,IN_FEED,2226,1335,80,63.45
2025-02-09,client_delta,camp_402,SHORTS,1749,926,69,63.45
2025-02-10,client_alpha,camp_105,IN_STREAM,3620,2172,130,55.50
2025-02-10,client_alpha,camp_105,IN_FEED,2027,1216,72,53.50
2025-02-10,client_alpha,camp_105,SHORTS,1592,843,63,53.50
2025-02-10,client_beta,camp_204,IN_STREAM,3740,2244,134,58.90
2025-02-10,client_beta,camp_204,IN_FEED,2094,1256,75,56.90
2025-02-10,client_beta,camp_204,SHORTS,1645,871,65,56.90
2025-02-10,client_gamma,camp_305,IN_STREAM,3860,2316,138,62.30
2025-02-10,client_gamma,camp_305,IN_FEED,2161,1296,77,60.30
2025-02-10,client_gamma,camp_305,SHORTS,1698,899,67,60.30
2025-02-10,client_delta,camp_402,IN_STREAM,3980,2388,143,65.70
2025-02-10,client_delta,camp_402,IN_FEED,2228,1336,80,63.70
2025-02-10,client_delta,camp_402,SHORTS,1751,928,70,63.70
2025-02-11,client_alpha,camp_105,IN_STREAM,3624,2174,130,55.75
2025-02-11,client_alpha,camp_105,IN_FEED,2029,1217,73,53.75
2025-02-11,client_alpha,camp_105,SHORTS,1594,844,63,53.75
2025-02-11,client_beta,camp_204,IN_STREAM,3744,2246,134,59.15
2025-02-11,client_beta,camp_204,IN_FEED,2096,1257,75,57.15
2025-02-11,client_beta,camp_204,SHORTS,1647,872,65,57.15
2025-02-11,client_gamma,camp_305,IN_STREAM,3864,2318,139,62.55
2025-02-11,client_gamma,camp_305,IN_FEED,2163,1297,77,60.55
2025-02-11,client_gamma,camp_305,SHORTS,1700,901,68,60.55
2025-02-11,client_delta,camp_402,IN_STREAM,3984,2390,143,65.95
2025-02-11,client_delta,camp_402,IN_FEED,2231,1338,80,63.95
2025-02-11,client_delta,camp_402,SHORTS,1752,928,70,63.95
2025-02-12,client_alpha,camp_105,IN_STREAM,3628,2176,130,56.00
2025-02-12,client_alpha,camp_105,IN_FEED,2031,1218,73,54.00
2025-02-12,client_alpha,camp_105,SHORTS,1596,845,63,54.00
2025-02-12,client_beta,camp_204,IN_STREAM,3748,2248,134,59.40
2025-02-12,client_beta,camp_204,IN_FEED,2098,1258,75,57.40
2025-02-12,client_beta,camp_204,SHORTS,1649,873,65,57.40
2025-02-12,client_gamma,camp_305,IN_STREAM,3868,2320,139,62.80
2025-02-12,client_gamma,camp_305,IN_FEED,2166,1299,77,60.80
2025-02-12,client_gamma,camp_305,SHORTS,1701,901,68,60.80
2025-02-12,client_delta,camp_402,IN_STREAM,3988,2392,143,66.20
2025-02-12,client_delta,camp_402,IN_FEED,2233,1339,80,64.20
2025-02-12,client_delta,camp_402,SHORTS,1754,929,70,64.20
2025-02-13,client_alpha,camp_105,IN_STREAM,3632,2179,130,56.25
2025-02-13,client_alpha,camp_105,IN_FEED,2033,1219,73,54.25
2025-02-13,client_alpha,camp_105,SHORTS,1598,846,63,54.25
2025-02-13,client_beta,camp_204,IN_STREAM,3752,2251,135,59.65
2025-02-13,client_beta,camp_204,IN_FEED,2101,1260,75,57.65
2025-02-13,client_beta,camp_204,SHORTS,1650,874,66,57.65
2025-02-13,client_gamma,camp_305,IN_STREAM,3872,2323,139,63.05
2025-02-13,client_gamma,camp_305,IN_FEED,2168,1300,78,61.05
2025-02-13,client_gamma,camp_305,SHORTS,1703,902,68,61.05
2025-02-13,client_delta,camp_402,IN_STREAM,3992,2395,143,66.45
2025-02-13,client_delta,camp_402,IN_FEED,2235,1341,80,64.45
2025-02-13,client_delta,camp_402,SHORTS,1756,930,70,64.45
2025-02-14,client_alpha,camp_105,IN_STREAM,3636,2181,130,56.50
2025-02-14,client_alpha,camp_105,IN_FEED,2036,1221,73,54.50
2025-02-14,client_alpha,camp_105,SHORTS,1599,847,63,54.50
2025-02-14,client_beta,camp_204,IN_STREAM,3756,2253,135,59.90
2025-02-14,client_beta,camp_204,IN_FEED,2103,1261,75,57.90
2025-02-14,client_beta,camp_204,SHORTS,1652,875,66,57.90
2025-02-14,client_gamma,camp_305,IN_STREAM,3876,2325,139,63.30
2025-02-14,client_gamma,camp_305,IN_FEED,2170,1302,78,61.30
2025-02-14,client_gamma,camp_305,SHORTS,1705,903,68,61.30
2025-02-14,client_delta,camp_402,IN_STREAM,3996,2397,143,66.70
2025-02-14,client_delta,camp_402,IN_FEED,2237,1342,80,64.70
2025-02-14,client_delta,camp_402,SHORTS,1758,931,70,64.70
2025-02-15,client_alpha,camp_105,IN_STREAM,3640,2184,131,56.75
2025-02-15,client_alpha,camp_105,IN_FEED,2038,1222,73,54.75
2025-02-15,client_alpha,camp_105,SHORTS,1601,848,64,54.75
2025-02-15,client_beta,camp_204,IN_STREAM,3760,2256,135,60.15
2025-02-15,client_beta,camp_204,IN_FEED,2105,1263,75,58.15
2025-02-15,client_beta,camp_204,SHORTS,1654,876,66,58.15
2025-02-15,client_gamma,camp_305,IN_STREAM,3880,2328,139,63.55
2025-02-15,client_gamma,camp_305,IN_FEED,2172,1303,78,61.55
2025-02-15,client_gamma,camp_305,SHORTS,1707,904,68,61.55
2025-02-15,client_delta,camp_402,IN_STREAM,4000,2400,144,66.95
2025-02-15,client_delta,camp_402,IN_FEED,2240,1344,80,64.95
2025-02-15,client_delta,camp_402,SHORTS,1760,932,70,64.95
2025-02-16,client_alpha,camp_105,IN_STREAM,3644,2186,131,57.00
2025-02-16,client_alpha,camp_105,IN_FEED,2040,1224,73,55.00
2025-02-16,client_alpha,camp_105,SHORTS,1603,849,64,55.00
2025-02-16,client_beta,camp_204,IN_STREAM,3764,2258,135,60.40
2025-02-16,client_beta,camp_204,IN_FEED,2107,1264,75,58.40
2025-02-16,client_beta,camp_204,SHORTS,1656,877,66,58.40
2025-02-16,client_gamma,camp_305,IN_STREAM,3884,2330,139,63.80
2025-02-16,client_gamma,camp_305,IN_FEED,2175,1305,78,61.80
2025-02-16,client_gamma,camp_305,SHORTS,1708,905,68,61.80
2025-02-16,client_delta,camp_402,IN_STREAM,4004,2402,144,67.20
2025-02-16,client_delta,camp_402,IN_FEED,2242,1345,80,65.20
2025-02-16,client_delta,camp_402,SHORTS,1761,933,70,65.20
2025-02-17,client_alpha,camp_105,IN_STREAM,3648,2188,131,57.25
2025-02-17,client_alpha,camp_105,IN_FEED,2042,1225,73,55.25
2025-02-17,client_alpha,camp_105,SHORTS,1605,850,64,55.25
2025-02-17,client_beta,camp_204,IN_STREAM,3768,2260,135,60.65
2025-02-17,client_beta,camp_204,IN_FEED,2110,1266,75,58.65
2025-02-17,client_beta,camp_204,SHORTS,1657,878,66,58.65
2025-02-17,client_gamma,camp_305,IN_STREAM,3888,2332,139,64.05
2025-02-17,client_gamma,camp_305,IN_FEED,2177,1306,78,62.05
2025-02-17,client_gamma,camp_305,SHORTS,1710,906,68,62.05
2025-02-17,client_delta,camp_402,IN_STREAM,4008,2404,144,67.45
2025-02-17,client_delta,camp_402,IN_FEED,2244,1346,80,65.45
2025-02-17,client_delta,camp_402,SHORTS,1763,934,70,65.45
2025-02-18,client_alpha,camp_105,IN_STREAM,3652,2191,131,57.50
2025-02-18,client_alpha,camp_105,IN_FEED,2045,1227,73,55.50
2025-02-18,client_alpha,camp_105,SHORTS,1606,851,64,55.50
2025-02-18,client_beta,camp_204,IN_STREAM,3772,2263,135,60.90
2025-02-18,client_beta,camp_204,IN_FEED,2112,1267,76,58.90
2025-02-18,client_beta,camp_204,SHORTS,1659,879,66,58.90
2025-02-18,client_gamma,camp_305,IN_STREAM,3892,2335,140,64.30
2025-02-18,client_gamma,camp_305,IN_FEED,2179,1307,78,62.30
2025-02-18,client_gamma,camp_305,SHORTS,1712,907,68,62.30
2025-02-18,client_delta,camp_402,IN_STREAM,4012,2407,144,67.70
2025-02-18,client_delta,camp_402,IN_FEED,2246,1347,80,65.70
2025-02-18,client_delta,camp_402,SHORTS,1765,935,70,65.70
2025-02-19,client_alpha,camp_105,IN_STREAM,3656,2193,131,57.75
2025-02-19,client_alpha,camp_105,IN_FEED,2047,1228,73,55.75
2025-02-19,client_alpha,camp_105,SHORTS,1608,852,64,55.75
2025-02-19,client_beta,camp_204,IN_STREAM,3776,2265,135,61.15
2025-02-19,client_beta,camp_204,IN_FEED,2114,1268,76,59.15
2025-02-19,client_beta,camp_204,SHORTS,1661,880,66,59.15
2025-02-19,client_gamma,camp_305,IN_STREAM,3896,2337,140,64.55
2025-02-19,client_gamma,camp_305,IN_FEED,2181,1308,78,62.55
2025-02-19,client_gamma,camp_305,SHORTS,1714,908,68,62.55
2025-02-19,client_delta,camp_402,IN_STREAM,4016,2409,144,67.95
2025-02-19,client_delta,camp_402,IN_FEED,2248,1348,80,65.95
2025-02-19,client_delta,camp_402,SHORTS,1767,936,70,65.95
2025-02-20,client_alpha,camp_105,IN_STREAM,3660,2196,131,58.00
2025-02-20,client_alpha,camp_105,IN_FEED,2049,1229,73,56.00
2025-02-20,client_alpha,camp_105,SHORTS,1610,853,64,56.00
2025-02-20,client_beta,camp_204,IN_STREAM,3780,2268,136,61.40
2025-02-20,client_beta,camp_204,IN_FEED,2116,1269,76,59.40
2025-02-20,client_beta,camp_204,SHORTS,1663,881,66,59.40
2025-02-20,client_gamma,camp_305,IN_STREAM,3900,2340,140,64.80
2025-02-20,client_gamma,camp_305,IN_FEED,2184,1310,78,62.80
2025-02-20,client_gamma,camp_305,SHORTS,1716,909,68,62.80
2025-02-20,client_delta,camp_402,IN_STREAM,4020,2412,144,68.20
2025-02-20,client_delta,camp_402,IN_FEED,2251,1350,81,66.20
2025-02-20,client_delta,camp_402,SHORTS,1768,937,70,66.20
2025-02-21,client_alpha,camp_105,IN_STREAM,3664,2198,131,58.25
2025-02-21,client_alpha,camp_105,IN_FEED,2051,1230,73,56.25
2025-02-21,client_alpha,camp_105,SHORTS,1612,854,64,56.25
2025-02-21,client_beta,camp_204,IN_STREAM,3784,2270,136,61.65
2025-02-21,client_beta,camp_204,IN_FEED,2119,1271,76,59.65
2025-02-21,client_beta,camp_204,SHORTS,1664,881,66,59.65
2025-02-21,client_gamma,camp_305,IN_STREAM,3904,2342,140,65.05
2025-02-21,client_gamma,camp_305,IN_FEED,2186,1311,78,63.05
2025-02-21,client_gamma,camp_305,SHORTS,1717,910,68,63.05
2025-02-21,client_delta,camp_402,IN_STREAM,4024,2414,144,68.45
2025-02-21,client_delta,camp_402,IN_FEED,2253,1351,81,66.45
2025-02-21,client_delta,camp_402,SHORTS,1770,938,70,66.45
2025-02-22,client_alpha,camp_105,IN_STREAM,3668,2200,132,58.50
2025-02-22,client_alpha,camp_105,IN_FEED,2054,1232,73,56.50
2025-02-22,client_alpha,camp_105,SHORTS,1613,854,64,56.50
2025-02-22,client_beta,camp_204,IN_STREAM,3788,2272,136,61.90
2025-02-22,client_beta,camp_204,IN_FEED,2121,1272,76,59.90
2025-02-22,client_beta,camp_204,SHORTS,1666,882,66,59.90
2025-02-22,client_gamma,camp_305,IN_STREAM,3908,2344,140,65.30
2025-02-22,client_gamma,camp_305,IN_FEED,2188,1312,78,63.30
2025-02-22,client_gamma,camp_305,SHORTS,1719,911,68,63.30
2025-02-22,client_delta,camp_402,IN_STREAM,4028,2416,145,68.70
2025-02-22,client_delta,camp_402,IN_FEED,2255,1353,81,66.70
2025-02-22,client_delta,camp_402,SHORTS,1772,939,70,66.70
2025-02-23,client_alpha,camp_105,IN_STREAM,3672,2203,132,58.75
2025-02-23,client_alpha,camp_105,IN_FEED,2056,1233,74,56.75
2025-02-23,client_alpha,camp_105,SHORTS,1615,855,64,56.75
2025-02-23,client_beta,camp_204,IN_STREAM,3792,2275,136,62.15
2025-02-23,client_beta,camp_204,IN_FEED,2123,1273,76,60.15
2025-02-23,client_beta,camp_204,SHORTS,1668,884,66,60.15
2025-02-23,client_gamma,camp_305,IN_STREAM,3912,2347,140,65.55
2025-02-23,client_gamma,camp_305,IN_FEED,2190,1314,78,63.55
2025-02-23,client_gamma,camp_305,SHORTS,1721,912,68,63.55
2025-02-23,client_delta,camp_402,IN_STREAM,4032,2419,145,68.95
2025-02-23,client_delta,camp_402,IN_FEED,2257,1354,81,66.95
2025-02-23,client_delta,camp_402,SHORTS,1774,940,70,66.95
2025-02-24,client_alpha,camp_105,IN_STREAM,3676,2205,132,59.00
2025-02-24,client_alpha,camp_105,IN_FEED,2058,1234,74,57.00
2025-02-24,client_alpha,camp_105,SHORTS,1617,857,64,57.00
2025-02-24,client_beta,camp_204,IN_STREAM,3796,2277,136,62.40
2025-02-24,client_beta,camp_204,IN_FEED,2125,1275,76,60.40
2025-02-24,client_beta,camp_204,SHORTS,1670,885,66,60.40
2025-02-24,client_gamma,camp_305,IN_STREAM,3916,2349,140,65.80
2025-02-24,client_gamma,camp_305,IN_FEED,2192,1315,78,63.80
2025-02-24,client_gamma,camp_305,SHORTS,1723,913,68,63.80
2025-02-24,client_delta,camp_402,IN_STREAM,4036,2421,145,69.20
2025-02-24,client_delta,camp_402,IN_FEED,2260,1356,81,67.20
2025-02-24,client_delta,camp_402,SHORTS,1775,940,71,67.20
2025-02-25,client_alpha,camp_105,IN_STREAM,3680,2208,132,59.25
2025-02-25,client_alpha,camp_105,IN_FEED,2060,1236,74,57.25
2025-02-25,client_alpha,camp_105,SHORTS,1619,858,64,57.25
2025-02-25,client_beta,camp_204,IN_STREAM,3800,2280,136,62.65
2025-02-25,client_beta,camp_204,IN_FEED,2128,1276,76,60.65
2025-02-25,client_beta,camp_204,SHORTS,1672,886,66,60.65
2025-02-25,client_gamma,camp_305,IN_STREAM,3920,2352,141,66.05
2025-02-25,client_gamma,camp_305,IN_FEED,2195,1317,79,64.05
2025-02-25,client_gamma,camp_305,SHORTS,1724,913,68,64.05
2025-02-25,client_delta,camp_402,IN_STREAM,4040,2424,145,69.45
2025-02-25,client_delta,camp_402,IN_FEED,2262,1357,81,67.45
2025-02-25,client_delta,camp_402,SHORTS,1777,941,71,67.45
2025-02-26,client_alpha,camp_105,IN_STREAM,3684,2210,132,59.50
2025-02-26,client_alpha,camp_105,IN_FEED,2063,1237,74,57.50
2025-02-26,client_alpha,camp_105,SHORTS,1620,858,64,57.50
2025-02-26,client_beta,camp_204,IN_STREAM,3804,2282,136,62.90
2025-02-26,client_beta,camp_204,IN_FEED,2130,1278,76,60.90
2025-02-26,client_beta,camp_204,SHORTS,1673,886,66,60.90
2025-02-26,client_gamma,camp_305,IN_STREAM,3924,2354,141,66.30
2025-02-26,client_gamma,camp_305,IN_FEED,2197,1318,79,64.30
2025-02-26,client_gamma,camp_305,SHORTS,1726,914,69,64.30
2025-02-26,client_delta,camp_402,IN_STREAM,4044,2426,145,69.70
2025-02-26,client_delta,camp_402,IN_FEED,2264,1358,81,67.70
2025-02-26,client_delta,camp_402,SHORTS,1779,942,71,67.70
2025-02-27,client_alpha,camp_105,IN_STREAM,3688,2212,132,59.75
2025-02-27,client_alpha,camp_105,IN_FEED,2065,1239,74,57.75
2025-02-27,client_alpha,camp_105,SHORTS,1622,859,64,57.75
2025-02-27,client_beta,camp_204,IN_STREAM,3808,2284,137,63.15
2025-02-27,client_beta,camp_204,IN_FEED,2132,1279,76,61.15
2025-02-27,client_beta,camp_204,SHORTS,1675,887,67,61.15
2025-02-27,client_gamma,camp_305,IN_STREAM,3928,2356,141,66.55
2025-02-27,client_gamma,camp_305,IN_FEED,2199,1319,79,64.55
2025-02-27,client_gamma,camp_305,SHORTS,1728,915,69,64.55
2025-02-27,client_delta,camp_402,IN_STREAM,4048,2428,145,69.95
2025-02-27,client_delta,camp_402,IN_FEED,2266,1359,81,67.95
2025-02-27,client_delta,camp_402,SHORTS,1781,943,71,67.95
2025-02-28,client_alpha,camp_105,IN_STREAM,3692,2215,132,60.00
2025-02-28,client_alpha,camp_105,IN_FEED,2067,1240,74,58.00
2025-02-28,client_alpha,camp_105,SHORTS,1624,860,64,58.00
2025-02-28,client_beta,camp_204,IN_STREAM,3812,2287,137,63.40
2025-02-28,client_beta,camp_204,IN_FEED,2134,1280,76,61.40
2025-02-28,client_beta,camp_204,SHORTS,1677,888,67,61.40
2025-02-28,client_gamma,camp_305,IN_STREAM,3932,2359,141,66.80
2025-02-28,client_gamma,camp_305,IN_FEED,2201,1320,79,64.80
2025-02-28,client_gamma,camp_305,SHORTS,1730,916,69,64.80
2025-02-28,client_delta,camp_402,IN_STREAM,4052,2431,145,70.20
2025-02-28,client_delta,camp_402,IN_FEED,2269,1361,81,68.20
2025-02-28,client_delta,camp_402,SHORTS,1782,944,71,68.20
2025-03-02,client_alpha,camp_105,IN_STREAM,3653,2191,131,55.50
2025-03-02,client_alpha,camp_105,IN_FEED,2045,1227,73,53.50
2025-03-02,client_alpha,camp_105,SHORTS,1607,851,64,53.50
2025-03-02,client_beta,camp_204,IN_STREAM,3773,2263,135,58.90
2025-03-02,client_beta,camp_204,IN_FEED,2112,1267,76,56.90
2025-03-02,client_beta,camp_204,SHORTS,1660,879,66,56.90
2025-03-02,client_gamma,camp_305,IN_STREAM,3893,2335,140,62.30
2025-03-02,client_gamma,camp_305,IN_FEED,2180,1308,78,60.30
2025-03-02,client_gamma,camp_305,SHORTS,1712,907,68,60.30
